Time (s),_1 Data,_2 Data,_1 Solution,_2 Solution,,,,,,,,,,,
0,0.009,-0.118,-0.04,0.04,,,,,,,,,,,0.118
0.05,0.027,-0.101,-0.04,0.04,,,,,,,,,,,0.00804
0.1,0.027,-0.083,-0.04,0.03,,,,,,,,,,,
0.15,0.027,-0.066,-0.03,0.03,,,,,,,,,,,
0.2,0.027,-0.031,-0.02,0.02,,,,,,,,,,,
0.25,0.009,-0.013,-0.01,0.01,,,,,,,,,,,
0.3,0.009,0.022,0,0,,,,,,,,,,,
0.35,0.009,0.039,0.01,-0.01,,,,,,,,,,,
0.4,-0.008,0.074,0.02,-0.02,,,,,,,,,,,
0.45,-0.008,0.091,0.03,-0.03,,,,,,,,,,,
0.5,-0.008,0.109,0.03,-0.04,,,,,,,,,,,
0.55,-0.025,0.109,0.04,-0.04,,,,,,,,,,,
0.6,-0.025,0.109,0.04,-0.04,,,,,,,,,,,
0.65,-0.025,0.091,0.04,-0.04,,,,,,,,,,,
0.7,-0.025,0.074,0.03,-0.04,,,,,,,,,,,
0.75,-0.025,0.039,0.03,-0.03,,,,,,,,,,,
0.8,-0.025,0.022,0.02,-0.02,,,,,,,,,,,
0.85,-0.025,-0.013,0.01,-0.01,,,,,,,,,,,
0.9,-0.008,-0.031,0,0,,,,,,,,,,,
0.95,-0.008,-0.066,-0.01,0.01,,,,,,,,,,,
1,0.009,-0.083,-0.02,0.02,,,,,,,,,,,
1.05,0.009,-0.101,-0.03,0.03,,,,,,,,,,,
1.1,0.027,-0.101,-0.04,0.03,,,,,,,,,,,
1.15,0.027,-0.101,-0.04,0.04,,,,,,,,,,,
1.2,0.027,-0.083,-0.04,0.04,,,,,,,,,,,
1.25,0.044,-0.066,-0.04,0.04,,,,,,,,,,,
1.3,0.044,-0.048,-0.04,0.03,,,,,,,,,,,
1.35,0.044,-0.031,-0.03,0.03,,,,,,,,,,,
1.4,0.027,0.004,-0.02,0.02,,,,,,,,,,,
1.45,0.027,0.022,-0.01,0.01,,,,,,,,,,,
1.5,0.009,0.057,0,0,,,,,,,,,,,
1.55,0.009,0.074,0.01,-0.01,,,,,,,,,,,
1.6,-0.008,0.091,0.02,-0.02,,,,,,,,,,,
1.65,-0.025,0.091,0.03,-0.03,,,,,,,,,,,
1.7,-0.025,0.091,0.03,-0.04,,,,,,,,,,,
1.75,-0.043,0.091,0.04,-0.04,,,,,,,,,,,
1.8,-0.043,0.074,0.04,-0.04,,,,,,,,,,,
1.85,-0.043,0.057,0.04,-0.04,,,,,,,,,,,
1.9,-0.043,0.039,0.03,-0.04,,,,,,,,,,,
1.95,-0.043,0.004,0.03,-0.03,,,,,,,,,,,
2,-0.025,-0.013,0.02,-0.02,,,,,,,,,,,
2.05,-0.008,-0.031,0.01,-0.01,,,,,,,,,,,
2.1,-0.008,-0.048,0,0,,,,,,,,,,,
2.15,0.009,-0.066,-0.01,0.01,,,,,,,,,,,
2.2,0.027,-0.083,-0.02,0.02,,,,,,,,,,,
2.25,0.027,-0.083,-0.03,0.03,,,,,,,,,,,
2.3,0.044,-0.083,-0.04,0.03,,,,,,,,,,,
2.35,0.044,-0.083,-0.04,0.04,,,,,,,,,,,
2.4,0.044,-0.066,-0.04,0.04,,,,,,,,,,,
2.45,0.044,-0.048,-0.04,0.04,,,,,,,,,,,
2.5,0.044,-0.031,-0.04,0.03,,,,,,,,,,,
2.55,0.027,-0.013,-0.03,0.03,,,,,,,,,,,
2.6,0.009,0.022,-0.02,0.02,,,,,,,,,,,
2.65,0.009,0.039,-0.01,0.01,,,,,,,,,,,
2.7,-0.008,0.057,0,0,,,,,,,,,,,
2.75,-0.025,0.074,0.01,-0.01,,,,,,,,,,,
2.8,-0.043,0.074,0.02,-0.02,,,,,,,,,,,
2.85,-0.043,0.074,0.03,-0.03,,,,,,,,,,,
2.9,-0.043,0.074,0.03,-0.04,,,,,,,,,,,
2.95,-0.043,0.074,0.04,-0.04,,,,,,,,,,,
3,-0.043,0.057,0.04,-0.04,,,,,,,,,,,
3.05,-0.043,0.039,0.04,-0.04,,,,,,,,,,,
3.1,-0.025,0.022,0.03,-0.04,,,,,,,,,,,
3.15,-0.008,0.004,0.03,-0.03,,,,,,,,,,,
3.2,-0.008,-0.013,0.02,-0.02,,,,,,,,,,,
3.25,0.009,-0.031,0.01,-0.01,,,,,,,,,,,
3.3,0.027,-0.048,0,0,,,,,,,,,,,
3.35,0.044,-0.066,-0.01,0.01,,,,,,,,,,,
3.4,0.044,-0.066,-0.02,0.02,,,,,,,,,,,
3.45,0.044,-0.083,-0.03,0.03,,,,,,,,,,,
3.5,0.044,-0.066,-0.04,0.03,,,,,,,,,,,
3.55,0.044,-0.066,-0.04,0.04,,,,,,,,,,,
3.6,0.044,-0.048,-0.04,0.04,,,,,,,,,,,
3.65,0.027,-0.048,-0.04,0.04,,,,,,,,,,,
3.7,0.009,-0.013,-0.04,0.03,,,,,,,,,,,
3.75,0.009,0.004,-0.03,0.03,,,,,,,,,,,
3.8,-0.008,0.022,-0.02,0.02,,,,,,,,,,,
3.85,-0.025,0.039,-0.01,0.01,,,,,,,,,,,
3.9,-0.025,0.057,0,0,,,,,,,,,,,
3.95,-0.043,0.074,0.01,-0.01,,,,,,,,,,,
4,-0.043,0.074,0.02,-0.02,,,,,,,,,,,
4.05,-0.043,0.074,0.03,-0.03,,,,,,,,,,,
4.1,-0.043,0.074,0.03,-0.04,,,,,,,,,,,
4.15,-0.043,0.074,0.04,-0.04,,,,,,,,,,,
4.2,-0.025,0.057,0.04,-0.04,,,,,,,,,,,
4.25,-0.025,0.039,0.04,-0.04,,,,,,,,,,,
4.3,-0.008,0.022,0.03,-0.04,,,,,,,,,,,
4.35,0.009,-0.013,0.03,-0.03,,,,,,,,,,,
4.4,0.009,-0.031,0.02,-0.02,,,,,,,,,,,
4.45,0.027,-0.048,0.01,-0.01,,,,,,,,,,,
4.5,0.044,-0.066,0,0,,,,,,,,,,,
4.55,0.044,-0.066,-0.01,0.01,,,,,,,,,,,
4.6,0.044,-0.083,-0.02,0.02,,,,,,,,,,,
4.65,0.044,-0.083,-0.03,0.03,,,,,,,,,,,
4.7,0.044,-0.066,-0.04,0.03,,,,,,,,,,,
4.75,0.044,-0.066,-0.04,0.04,,,,,,,,,,,
4.8,0.027,-0.048,-0.04,0.04,,,,,,,,,,,
4.85,0.009,-0.031,-0.04,0.04,,,,,,,,,,,
4.9,0.009,-0.013,-0.04,0.03,,,,,,,,,,,
4.95,-0.008,0.022,-0.03,0.03,,,,,,,,,,,
5,-0.025,0.039,-0.02,0.02,,,,,,,,,,,
5.05,-0.025,0.057,-0.01,0.01,,,,,,,,,,,
5.1,-0.043,0.074,0,0,,,,,,,,,,,
5.15,-0.043,0.074,0.01,-0.01,,,,,,,,,,,
5.2,-0.043,0.074,0.02,-0.02,,,,,,,,,,,
5.25,-0.043,0.074,0.03,-0.03,,,,,,,,,,,
5.3,-0.043,0.074,0.03,-0.04,,,,,,,,,,,
5.35,-0.025,0.057,0.04,-0.04,,,,,,,,,,,
5.4,-0.025,0.039,0.04,-0.04,,,,,,,,,,,
5.45,-0.008,0.022,0.04,-0.04,,,,,,,,,,,
5.5,0.009,0.004,0.03,-0.04,,,,,,,,,,,
5.55,0.009,-0.031,0.02,-0.03,,,,,,,,,,,
5.6,0.027,-0.048,0.02,-0.02,,,,,,,,,,,
5.65,0.044,-0.048,0.01,-0.01,,,,,,,,,,,
5.7,0.044,-0.066,0,0,,,,,,,,,,,
5.75,0.044,-0.083,-0.01,0.01,,,,,,,,,,,
5.8,0.044,-0.083,-0.02,0.02,,,,,,,,,,,
5.85,0.044,-0.066,-0.03,0.03,,,,,,,,,,,
5.9,0.044,-0.066,-0.04,0.03,,,,,,,,,,,
5.95,0.027,-0.048,-0.04,0.04,,,,,,,,,,,
6,0.009,-0.031,-0.04,0.04,,,,,,,,,,,
6.05,0.009,-0.013,-0.04,0.04,,,,,,,,,,,
6.1,-0.008,0.004,-0.04,0.03,,,,,,,,,,,
6.15,-0.025,0.039,-0.03,0.03,,,,,,,,,,,
6.2,-0.025,0.057,-0.02,0.02,,,,,,,,,,,
6.25,-0.043,0.057,-0.01,0.01,,,,,,,,,,,
6.3,-0.043,0.074,0,0,,,,,,,,,,,
6.35,-0.043,0.074,0.01,-0.01,,,,,,,,,,,
6.4,-0.043,0.074,0.02,-0.02,,,,,,,,,,,
6.45,-0.043,0.074,0.03,-0.03,,,,,,,,,,,
6.5,-0.025,0.057,0.03,-0.04,,,,,,,,,,,
6.55,-0.025,0.039,0.04,-0.04,,,,,,,,,,,
6.6,-0.008,0.022,0.04,-0.04,,,,,,,,,,,
6.65,0.009,0.004,0.04,-0.04,,,,,,,,,,,
6.7,0.009,-0.013,0.03,-0.04,,,,,,,,,,,
6.75,0.027,-0.031,0.02,-0.03,,,,,,,,,,,
6.8,0.044,-0.048,0.02,-0.02,,,,,,,,,,,
6.85,0.044,-0.066,0.01,-0.01,,,,,,,,,,,
6.9,0.044,-0.066,0,0,,,,,,,,,,,
6.95,0.044,-0.083,-0.01,0.01,,,,,,,,,,,
7,0.044,-0.066,-0.02,0.02,,,,,,,,,,,
7.05,0.044,-0.066,-0.03,0.03,,,,,,,,,,,
7.1,0.027,-0.048,-0.04,0.03,,,,,,,,,,,
7.15,0.009,-0.031,-0.04,0.04,,,,,,,,,,,
7.2,0.009,-0.013,-0.04,0.04,,,,,,,,,,,
7.25,-0.008,0.004,-0.04,0.04,,,,,,,,,,,
7.3,-0.025,0.022,-0.04,0.03,,,,,,,,,,,
7.35,-0.025,0.039,-0.03,0.02,,,,,,,,,,,
7.4,-0.043,0.057,-0.02,0.02,,,,,,,,,,,
7.45,-0.043,0.074,-0.01,0.01,,,,,,,,,,,
7.5,-0.043,0.074,0,0,,,,,,,,,,,
7.55,-0.043,0.074,0.01,-0.02,,,,,,,,,,,
7.6,-0.043,0.074,0.02,-0.02,,,,,,,,,,,
7.65,-0.025,0.057,0.03,-0.03,,,,,,,,,,,
7.7,-0.025,0.039,0.03,-0.04,,,,,,,,,,,
7.75,-0.008,0.022,0.04,-0.04,,,,,,,,,,,
7.8,0.009,0.004,0.04,-0.04,,,,,,,,,,,
7.85,0.009,-0.013,0.04,-0.04,,,,,,,,,,,
7.9,0.027,-0.031,0.03,-0.04,,,,,,,,,,,
7.95,0.044,-0.048,0.02,-0.03,,,,,,,,,,,
8,0.044,-0.066,0.02,-0.02,,,,,,,,,,,
8.05,0.044,-0.066,0.01,-0.01,,,,,,,,,,,
8.1,0.044,-0.066,0,0,,,,,,,,,,,
8.15,0.044,-0.066,-0.01,0.01,,,,,,,,,,,
8.2,0.044,-0.066,-0.02,0.02,,,,,,,,,,,
8.25,0.027,-0.048,-0.03,0.03,,,,,,,,,,,
8.3,0.009,-0.031,-0.04,0.03,,,,,,,,,,,
8.35,0.009,-0.013,-0.04,0.04,,,,,,,,,,,
8.4,-0.008,0.004,-0.04,0.04,,,,,,,,,,,
8.45,-0.025,0.022,-0.04,0.04,,,,,,,,,,,
8.5,-0.025,0.039,-0.04,0.03,,,,,,,,,,,
8.55,-0.043,0.057,-0.03,0.02,,,,,,,,,,,
8.6,-0.043,0.074,-0.02,0.02,,,,,,,,,,,
8.65,-0.043,0.074,-0.01,0.01,,,,,,,,,,,
8.7,-0.043,0.074,0,-0.01,,,,,,,,,,,
8.75,-0.043,0.074,0.01,-0.02,,,,,,,,,,,
8.8,-0.025,0.057,0.02,-0.03,,,,,,,,,,,
8.85,-0.025,0.039,0.03,-0.03,,,,,,,,,,,
8.9,-0.008,0.022,0.03,-0.04,,,,,,,,,,,
8.95,0.009,0.004,0.04,-0.04,,,,,,,,,,,
9,0.009,-0.013,0.04,-0.04,,,,,,,,,,,
9.05,0.027,-0.031,0.04,-0.04,,,,,,,,,,,
9.1,0.044,-0.048,0.03,-0.04,,,,,,,,,,,
9.15,0.044,-0.066,0.02,-0.03,,,,,,,,,,,
9.2,0.044,-0.066,0.02,-0.02,,,,,,,,,,,
9.25,0.044,-0.066,0.01,-0.01,,,,,,,,,,,
9.3,0.044,-0.066,0,0,,,,,,,,,,,
9.35,0.044,-0.066,-0.02,0.01,,,,,,,,,,,
9.4,0.027,-0.048,-0.02,0.02,,,,,,,,,,,
9.45,0.009,-0.031,-0.03,0.03,,,,,,,,,,,
9.5,0.009,-0.013,-0.04,0.03,,,,,,,,,,,
9.55,-0.008,0.004,-0.04,0.04,,,,,,,,,,,
9.6,-0.025,0.022,-0.04,0.04,,,,,,,,,,,
9.65,-0.025,0.039,-0.04,0.04,,,,,,,,,,,
9.7,-0.043,0.057,-0.04,0.03,,,,,,,,,,,
9.75,-0.043,0.057,-0.03,0.02,,,,,,,,,,,
9.8,-0.043,0.074,-0.02,0.02,,,,,,,,,,,
9.85,-0.043,0.074,-0.01,0.01,,,,,,,,,,,
9.9,-0.043,0.074,0,-0.01,,,,,,,,,,,
9.95,-0.025,0.057,0.01,-0.02,,,,,,,,,,,
10,-0.025,0.039,0.02,-0.03,,,,,,,,,,,
10.05,-0.008,0.039,0.03,-0.03,,,,,,,,,,,
10.1,0.009,0.004,0.03,-0.04,,,,,,,,,,,
10.15,0.009,-0.013,0.04,-0.04,,,,,,,,,,,
10.2,0.027,-0.031,0.04,-0.04,,,,,,,,,,,
10.25,0.044,-0.048,0.04,-0.04,,,,,,,,,,,
10.3,0.044,-0.048,0.03,-0.04,,,,,,,,,,,
10.35,0.044,-0.066,0.02,-0.03,,,,,,,,,,,
10.4,0.044,-0.066,0.02,-0.02,,,,,,,,,,,
10.45,0.044,-0.066,0.01,-0.01,,,,,,,,,,,
10.5,0.044,-0.066,-0.01,0,,,,,,,,,,,
10.55,0.027,-0.048,-0.02,0.01,,,,,,,,,,,
10.6,0.009,-0.031,-0.03,0.02,,,,,,,,,,,
10.65,0.009,-0.013,-0.03,0.03,,,,,,,,,,,
10.7,-0.008,0.004,-0.04,0.03,,,,,,,,,,,
10.75,-0.025,0.022,-0.04,0.04,,,,,,,,,,,
10.8,-0.025,0.039,-0.04,0.04,,,,,,,,,,,
10.85,-0.043,0.057,-0.04,0.04,,,,,,,,,,,
10.9,-0.043,0.057,-0.04,0.03,,,,,,,,,,,
10.95,-0.043,0.074,-0.03,0.02,,,,,,,,,,,
11,-0.043,0.074,-0.02,0.01,,,,,,,,,,,
11.05,-0.043,0.074,-0.01,0,,,,,,,,,,,
11.1,-0.025,0.057,0,-0.01,,,,,,,,,,,
11.15,-0.025,0.057,0.01,-0.02,,,,,,,,,,,
11.2,-0.008,0.039,0.02,-0.03,,,,,,,,,,,
11.25,0.009,0.022,0.03,-0.03,,,,,,,,,,,
11.3,0.009,0.004,0.03,-0.04,,,,,,,,,,,
11.35,0.027,-0.031,0.04,-0.04,,,,,,,,,,,
11.4,0.044,-0.048,0.04,-0.04,,,,,,,,,,,
11.45,0.044,-0.048,0.04,-0.04,,,,,,,,,,,
11.5,0.044,-0.066,0.03,-0.04,,,,,,,,,,,
11.55,0.044,-0.066,0.02,-0.03,,,,,,,,,,,
11.6,0.044,-0.066,0.02,-0.02,,,,,,,,,,,
11.65,0.044,-0.066,0.01,-0.01,,,,,,,,,,,
11.7,0.027,-0.048,-0.01,0,,,,,,,,,,,
11.75,0.009,-0.048,-0.02,0.01,,,,,,,,,,,
11.8,0.009,-0.031,-0.03,0.02,,,,,,,,,,,
11.85,-0.008,-0.013,-0.03,0.03,,,,,,,,,,,
11.9,-0.025,0.004,-0.04,0.03,,,,,,,,,,,
11.95,-0.025,0.039,-0.04,0.04,,,,,,,,,,,
12.01,-0.043,0.039,-0.04,0.04,,,,,,,,,,,
12.06,-0.043,0.057,-0.04,0.04,,,,,,,,,,,
12.11,-0.043,0.074,-0.04,0.03,,,,,,,,,,,
12.16,-0.043,0.074,-0.03,0.02,,,,,,,,,,,
12.21,-0.043,0.074,-0.02,0.01,,,,,,,,,,,
12.26,-0.043,0.057,-0.01,0,,,,,,,,,,,
12.31,-0.025,0.057,0,-0.01,,,,,,,,,,,
12.36,-0.008,0.039,0.01,-0.02,,,,,,,,,,,
12.41,0.009,0.022,0.02,-0.03,,,,,,,,,,,
12.46,0.009,0.004,0.03,-0.03,,,,,,,,,,,
12.51,0.027,-0.013,0.03,-0.04,,,,,,,,,,,
12.56,0.044,-0.031,0.04,-0.04,,,,,,,,,,,
12.61,0.044,-0.048,0.04,-0.04,,,,,,,,,,,
12.66,0.044,-0.066,0.04,-0.04,,,,,,,,,,,
12.71,0.044,-0.066,0.03,-0.04,,,,,,,,,,,
12.76,0.044,-0.066,0.02,-0.03,,,,,,,,,,,
12.81,0.044,-0.066,0.01,-0.02,,,,,,,,,,,
12.86,0.027,-0.048,0,-0.01,,,,,,,,,,,
12.91,0.027,-0.048,-0.01,0,,,,,,,,,,,
12.96,0.009,-0.031,-0.02,0.01,,,,,,,,,,,
13.01,-0.008,-0.013,-0.03,0.02,,,,,,,,,,,
13.06,-0.025,0.004,-0.03,0.03,,,,,,,,,,,
13.11,-0.025,0.022,-0.04,0.03,,,,,,,,,,,
13.16,-0.043,0.039,-0.04,0.04,,,,,,,,,,,
13.21,-0.043,0.057,-0.04,0.04,,,,,,,,,,,
13.26,-0.043,0.057,-0.04,0.04,,,,,,,,,,,
13.31,-0.043,0.074,-0.04,0.03,,,,,,,,,,,
13.36,-0.043,0.074,-0.03,0.02,,,,,,,,,,,
13.41,-0.043,0.057,-0.02,0.01,,,,,,,,,,,
13.46,-0.025,0.057,-0.01,0,,,,,,,,,,,
13.51,-0.008,0.039,0,-0.01,,,,,,,,,,,
13.56,-0.008,0.022,0.01,-0.02,,,,,,,,,,,
13.61,0.009,0.004,0.02,-0.03,,,,,,,,,,,
13.66,0.027,-0.013,0.03,-0.03,,,,,,,,,,,
13.71,0.044,-0.031,0.03,-0.04,,,,,,,,,,,
13.76,0.044,-0.048,0.04,-0.04,,,,,,,,,,,
13.81,0.044,-0.066,0.04,-0.04,,,,,,,,,,,
13.86,0.044,-0.066,0.04,-0.04,,,,,,,,,,,
13.91,0.044,-0.066,0.03,-0.04,,,,,,,,,,,
13.96,0.044,-0.066,0.02,-0.03,,,,,,,,,,,
14.01,0.027,-0.048,0.01,-0.02,,,,,,,,,,,
14.06,0.027,-0.048,0,-0.01,,,,,,,,,,,
14.11,0.009,-0.031,-0.01,0,,,,,,,,,,,
14.16,-0.008,-0.013,-0.02,0.01,,,,,,,,,,,
14.21,-0.025,0.004,-0.03,0.02,,,,,,,,,,,
14.26,-0.025,0.022,-0.03,0.03,,,,,,,,,,,
14.31,-0.043,0.039,-0.04,0.03,,,,,,,,,,,
14.36,-0.043,0.057,-0.04,0.04,,,,,,,,,,,
14.41,-0.043,0.057,-0.04,0.04,,,,,,,,,,,
14.46,-0.043,0.074,-0.04,0.04,,,,,,,,,,,
14.51,-0.043,0.074,-0.04,0.03,,,,,,,,,,,
14.56,-0.043,0.057,-0.03,0.02,,,,,,,,,,,
14.61,-0.025,0.057,-0.02,0.01,,,,,,,,,,,
14.66,-0.008,0.039,-0.01,0,,,,,,,,,,,
14.71,-0.008,0.022,0,-0.01,,,,,,,,,,,
14.76,0.009,0.004,0.01,-0.02,,,,,,,,,,,
14.81,0.027,-0.013,0.02,-0.03,,,,,,,,,,,
14.86,0.027,-0.031,0.03,-0.03,,,,,,,,,,,
14.91,0.044,-0.048,0.03,-0.04,,,,,,,,,,,
14.96,0.044,-0.048,0.04,-0.04,,,,,,,,,,,
15.01,0.044,-0.066,0.04,-0.04,,,,,,,,,,,
15.06,0.044,-0.066,0.04,-0.04,,,,,,,,,,,
15.11,0.044,-0.066,0.03,-0.04,,,,,,,,,,,
15.16,0.027,-0.066,0.02,-0.03,,,,,,,,,,,
15.21,0.027,-0.048,0.01,-0.02,,,,,,,,,,,
15.26,0.009,-0.031,0,-0.01,,,,,,,,,,,
15.31,-0.008,-0.013,-0.01,0,,,,,,,,,,,
15.36,-0.025,0.004,-0.02,0.01,,,,,,,,,,,
15.41,-0.025,0.022,-0.03,0.02,,,,,,,,,,,
15.46,-0.043,0.039,-0.03,0.03,,,,,,,,,,,
15.51,-0.043,0.057,-0.04,0.03,,,,,,,,,,,
15.56,-0.043,0.057,-0.04,0.04,,,,,,,,,,,
15.61,-0.043,0.074,-0.04,0.04,,,,,,,,,,,
15.66,-0.043,0.074,-0.04,0.04,,,,,,,,,,,
15.71,-0.043,0.057,-0.04,0.03,,,,,,,,,,,
15.76,-0.025,0.057,-0.03,0.02,,,,,,,,,,,
15.81,-0.008,0.039,-0.02,0.01,,,,,,,,,,,
15.86,-0.008,0.022,-0.01,0,,,,,,,,,,,
15.91,0.009,0.004,0,-0.01,,,,,,,,,,,
15.96,0.027,-0.013,0.01,-0.02,,,,,,,,,,,
16.01,0.027,-0.031,0.02,-0.03,,,,,,,,,,,
16.06,0.044,-0.048,0.03,-0.03,,,,,,,,,,,
16.11,0.044,-0.048,0.03,-0.04,,,,,,,,,,,
16.16,0.044,-0.066,0.04,-0.04,,,,,,,,,,,
16.21,0.044,-0.066,0.04,-0.04,,,,,,,,,,,
16.26,0.044,-0.066,0.04,-0.04,,,,,,,,,,,
16.31,0.027,-0.066,0.03,-0.04,,,,,,,,,,,
16.36,0.027,-0.048,0.02,-0.03,,,,,,,,,,,
16.41,0.009,-0.031,0.01,-0.02,,,,,,,,,,,
16.46,-0.008,-0.013,0,-0.01,,,,,,,,,,,
16.51,-0.025,0.004,-0.01,0,,,,,,,,,,,
16.56,-0.025,0.022,-0.02,0.01,,,,,,,,,,,
16.61,-0.043,0.039,-0.03,0.02,,,,,,,,,,,
16.66,-0.043,0.039,-0.03,0.03,,,,,,,,,,,
16.71,-0.043,0.057,-0.04,0.03,,,,,,,,,,,
16.76,-0.043,0.057,-0.04,0.04,,,,,,,,,,,
16.81,-0.043,0.057,-0.04,0.04,,,,,,,,,,,
16.86,-0.043,0.057,-0.04,0.04,,,,,,,,,,,
16.91,-0.025,0.057,-0.04,0.03,,,,,,,,,,,
16.96,-0.008,0.039,-0.03,0.02,,,,,,,,,,,
17.01,-0.008,0.022,-0.02,0.01,,,,,,,,,,,
17.06,0.009,0.004,-0.01,0,,,,,,,,,,,
17.11,0.027,-0.013,0,-0.01,,,,,,,,,,,
17.16,0.027,-0.031,0.01,-0.02,,,,,,,,,,,
17.21,0.044,-0.031,0.02,-0.03,,,,,,,,,,,
17.26,0.044,-0.048,0.03,-0.03,,,,,,,,,,,
17.31,0.044,-0.066,0.03,-0.04,,,,,,,,,,,
17.36,0.044,-0.066,0.04,-0.04,,,,,,,,,,,
17.41,0.044,-0.066,0.04,-0.04,,,,,,,,,,,
17.46,0.027,-0.066,0.04,-0.04,,,,,,,,,,,
17.51,0.027,-0.048,0.03,-0.04,,,,,,,,,,,
17.56,0.009,-0.031,0.02,-0.03,,,,,,,,,,,
17.61,-0.008,-0.013,0.01,-0.02,,,,,,,,,,,
17.66,-0.025,0.004,0,-0.01,,,,,,,,,,,
17.71,-0.025,0.022,-0.01,0,,,,,,,,,,,
17.76,-0.043,0.039,-0.02,0.01,,,,,,,,,,,
17.81,-0.043,0.039,-0.03,0.02,,,,,,,,,,,
17.86,-0.043,0.057,-0.03,0.03,,,,,,,,,,,
17.91,-0.043,0.057,-0.04,0.03,,,,,,,,,,,
17.96,-0.043,0.057,-0.04,0.04,,,,,,,,,,,
18.01,-0.043,0.057,-0.04,0.04,,,,,,,,,,,
18.06,-0.025,0.057,-0.04,0.04,,,,,,,,,,,
18.11,-0.025,0.039,-0.03,0.03,,,,,,,,,,,
18.16,-0.008,0.022,-0.03,0.02,,,,,,,,,,,
18.21,0.009,0.022,-0.02,0.01,,,,,,,,,,,
18.26,0.027,0.004,-0.01,0,,,,,,,,,,,
18.31,0.027,-0.013,0,-0.01,,,,,,,,,,,
18.36,0.044,-0.031,0.01,-0.02,,,,,,,,,,,
18.41,0.044,-0.048,0.02,-0.03,,,,,,,,,,,
18.46,0.044,-0.048,0.03,-0.03,,,,,,,,,,,
18.51,0.044,-0.066,0.03,-0.04,,,,,,,,,,,
18.56,0.044,-0.066,0.04,-0.04,,,,,,,,,,,
18.61,0.027,-0.066,0.04,-0.04,,,,,,,,,,,
18.66,0.027,-0.048,0.03,-0.04,,,,,,,,,,,
18.71,0.009,-0.031,0.03,-0.04,,,,,,,,,,,
18.76,-0.008,-0.013,0.02,-0.03,,,,,,,,,,,
18.81,-0.008,-0.013,0.01,-0.02,,,,,,,,,,,
18.86,-0.025,0.004,0,-0.01,,,,,,,,,,,
18.91,-0.043,0.022,-0.01,0,,,,,,,,,,,
18.96,-0.043,0.039,-0.02,0.01,,,,,,,,,,,
19.01,-0.043,0.057,-0.03,0.02,,,,,,,,,,,
19.06,-0.043,0.057,-0.03,0.03,,,,,,,,,,,
19.11,-0.043,0.057,-0.04,0.03,,,,,,,,,,,
19.16,-0.043,0.057,-0.04,0.04,,,,,,,,,,,
19.21,-0.025,0.057,-0.04,0.04,,,,,,,,,,,
19.26,-0.025,0.039,-0.04,0.04,,,,,,,,,,,
19.31,-0.008,0.039,-0.03,0.03,,,,,,,,,,,
19.36,0.009,0.022,-0.03,0.02,,,,,,,,,,,
19.41,0.027,0.004,-0.02,0.01,,,,,,,,,,,
19.46,0.027,-0.013,-0.01,0,,,,,,,,,,,
19.51,0.044,-0.031,0,-0.01,,,,,,,,,,,
19.56,0.044,-0.048,0.01,-0.02,,,,,,,,,,,
19.61,0.044,-0.048,0.02,-0.03,,,,,,,,,,,
19.66,0.044,-0.066,0.03,-0.03,,,,,,,,,,,
19.71,0.044,-0.066,0.03,-0.04,,,,,,,,,,,
19.76,0.044,-0.066,0.04,-0.04,,,,,,,,,,,
19.81,0.027,-0.048,0.04,-0.04,,,,,,,,,,,
19.86,0.009,-0.031,0.03,-0.04,,,,,,,,,,,
19.91,-0.008,-0.031,0.03,-0.04,,,,,,,,,,,
19.96,-0.008,-0.013,0.02,-0.03,,,,,,,,,,,
20.01,-0.025,0.004,0.01,-0.02,,,,,,,,,,,
20.06,-0.043,0.022,0,-0.01,,,,,,,,,,,
20.11,-0.043,0.039,-0.01,0,,,,,,,,,,,
20.16,-0.043,0.057,-0.02,0.01,,,,,,,,,,,
20.21,-0.043,0.057,-0.03,0.02,,,,,,,,,,,
20.26,-0.043,0.057,-0.03,0.03,,,,,,,,,,,
20.31,-0.043,0.057,-0.04,0.04,,,,,,,,,,,
20.36,-0.025,0.057,-0.04,0.04,,,,,,,,,,,
20.41,-0.025,0.039,-0.04,0.04,,,,,,,,,,,
20.46,-0.008,0.039,-0.04,0.04,,,,,,,,,,,
20.51,0.009,0.022,-0.03,0.03,,,,,,,,,,,
20.56,0.027,0.004,-0.03,0.02,,,,,,,,,,,
20.61,0.027,-0.013,-0.02,0.01,,,,,,,,,,,
20.66,0.044,-0.031,-0.01,0,,,,,,,,,,,
20.71,0.044,-0.048,0,-0.01,,,,,,,,,,,
20.76,0.044,-0.048,0.01,-0.02,,,,,,,,,,,
20.81,0.044,-0.066,0.02,-0.03,,,,,,,,,,,
20.86,0.044,-0.066,0.03,-0.04,,,,,,,,,,,
20.91,0.044,-0.048,0.03,-0.04,,,,,,,,,,,
20.96,0.027,-0.048,0.04,-0.04,,,,,,,,,,,
21.01,0.009,-0.031,0.04,-0.04,,,,,,,,,,,
21.06,-0.008,-0.031,0.03,-0.04,,,,,,,,,,,
21.11,-0.008,-0.013,0.03,-0.03,,,,,,,,,,,
21.16,-0.025,0.004,0.02,-0.03,,,,,,,,,,,
21.21,-0.043,0.022,0.01,-0.02,,,,,,,,,,,
21.26,-0.043,0.039,0,-0.01,,,,,,,,,,,
21.31,-0.043,0.039,-0.01,0,,,,,,,,,,,
21.36,-0.06,0.057,-0.02,0.01,,,,,,,,,,,
21.41,-0.043,0.057,-0.03,0.02,,,,,,,,,,,
21.46,-0.043,0.057,-0.03,0.03,,,,,,,,,,,
21.51,-0.025,0.057,-0.04,0.04,,,,,,,,,,,
21.56,-0.025,0.039,-0.04,0.04,,,,,,,,,,,
21.61,-0.008,0.039,-0.04,0.04,,,,,,,,,,,
21.66,0.009,0.022,-0.04,0.04,,,,,,,,,,,
21.71,0.027,0.004,-0.03,0.03,,,,,,,,,,,
21.76,0.027,-0.013,-0.03,0.02,,,,,,,,,,,
21.81,0.044,-0.031,-0.02,0.01,,,,,,,,,,,
21.86,0.044,-0.048,-0.01,0,,,,,,,,,,,
21.91,0.044,-0.048,0,-0.01,,,,,,,,,,,
21.96,0.044,-0.048,0.01,-0.02,,,,,,,,,,,
22.01,0.044,-0.066,0.02,-0.03,,,,,,,,,,,
22.06,0.044,-0.048,0.03,-0.04,,,,,,,,,,,
22.11,0.027,-0.048,0.03,-0.04,,,,,,,,,,,
22.16,0.009,-0.048,0.04,-0.04,,,,,,,,,,,
22.21,0.009,-0.031,0.04,-0.04,,,,,,,,,,,
22.26,-0.008,-0.013,0.03,-0.04,,,,,,,,,,,
22.31,-0.025,0.004,0.03,-0.03,,,,,,,,,,,
22.36,-0.043,0.022,0.02,-0.03,,,,,,,,,,,
22.41,-0.043,0.039,0.01,-0.02,,,,,,,,,,,
22.46,-0.043,0.039,0,-0.01,,,,,,,,,,,
22.51,-0.06,0.057,-0.01,0,,,,,,,,,,,
22.56,-0.043,0.057,-0.02,0.01,,,,,,,,,,,
22.61,-0.043,0.057,-0.03,0.02,,,,,,,,,,,
22.66,-0.043,0.057,-0.03,0.03,,,,,,,,,,,
22.71,-0.025,0.039,-0.04,0.04,,,,,,,,,,,
22.76,-0.008,0.039,-0.04,0.04,,,,,,,,,,,
22.81,0.009,0.022,-0.04,0.04,,,,,,,,,,,
22.86,0.027,0.004,-0.04,0.03,,,,,,,,,,,
22.91,0.027,-0.013,-0.03,0.03,,,,,,,,,,,
22.96,0.044,-0.031,-0.03,0.02,,,,,,,,,,,
23.01,0.044,-0.031,-0.02,0.01,,,,,,,,,,,
23.06,0.044,-0.048,-0.01,0,,,,,,,,,,,
23.11,0.044,-0.048,0,-0.01,,,,,,,,,,,
23.16,0.044,-0.048,0.01,-0.02,,,,,,,,,,,
23.21,0.044,-0.048,0.02,-0.03,,,,,,,,,,,
23.26,0.027,-0.048,0.03,-0.04,,,,,,,,,,,
23.31,0.009,-0.048,0.04,-0.04,,,,,,,,,,,
23.36,0.009,-0.031,0.04,-0.04,,,,,,,,,,,
23.41,-0.008,-0.013,0.04,-0.04,,,,,,,,,,,
23.46,-0.025,0.004,0.03,-0.04,,,,,,,,,,,
23.51,-0.043,0.022,0.03,-0.03,,,,,,,,,,,
23.56,-0.043,0.039,0.02,-0.03,,,,,,,,,,,
23.61,-0.043,0.039,0.01,-0.02,,,,,,,,,,,
23.66,-0.06,0.057,0,-0.01,,,,,,,,,,,
23.71,-0.043,0.057,-0.01,0,,,,,,,,,,,
23.76,-0.043,0.057,-0.02,0.01,,,,,,,,,,,
23.81,-0.043,0.057,-0.03,0.02,,,,,,,,,,,
23.86,-0.025,0.039,-0.04,0.03,,,,,,,,,,,
23.91,-0.008,0.039,-0.04,0.04,,,,,,,,,,,
23.96,0.009,0.022,-0.04,0.04,,,,,,,,,,,
24.01,0.009,0.004,-0.04,0.04,,,,,,,,,,,
24.06,0.027,-0.013,-0.04,0.03,,,,,,,,,,,
24.11,0.044,-0.013,-0.03,0.03,,,,,,,,,,,
24.16,0.044,-0.031,-0.03,0.02,,,,,,,,,,,
24.21,0.044,-0.048,-0.02,0.01,,,,,,,,,,,
24.26,0.062,-0.048,-0.01,0,,,,,,,,,,,
24.31,0.044,-0.048,0,-0.01,,,,,,,,,,,
24.36,0.044,-0.048,0.01,-0.02,,,,,,,,,,,
24.41,0.027,-0.048,0.02,-0.03,,,,,,,,,,,
24.46,0.027,-0.048,0.03,-0.04,,,,,,,,,,,
24.51,0.009,-0.031,0.04,-0.04,,,,,,,,,,,
24.56,-0.008,-0.013,0.04,-0.04,,,,,,,,,,,
24.61,-0.025,0.004,0.04,-0.04,,,,,,,,,,,
24.66,-0.043,0.022,0.03,-0.04,,,,,,,,,,,
24.71,-0.043,0.022,0.03,-0.03,,,,,,,,,,,
24.76,-0.043,0.039,0.02,-0.03,,,,,,,,,,,
24.81,-0.06,0.057,0.01,-0.02,,,,,,,,,,,
24.86,-0.06,0.057,0,-0.01,,,,,,,,,,,
24.91,-0.043,0.057,-0.01,0,,,,,,,,,,,
24.96,-0.043,0.057,-0.02,0.01,,,,,,,,,,,
25.01,-0.025,0.039,-0.03,0.02,,,,,,,,,,,
25.06,-0.008,0.039,-0.04,0.03,,,,,,,,,,,
25.11,0.009,0.022,-0.04,0.04,,,,,,,,,,,
25.16,0.009,0.004,-0.04,0.04,,,,,,,,,,,
25.21,0.027,-0.013,-0.04,0.04,,,,,,,,,,,
25.26,0.044,-0.013,-0.04,0.03,,,,,,,,,,,
25.31,0.044,-0.031,-0.03,0.03,,,,,,,,,,,
25.36,0.044,-0.048,-0.03,0.02,,,,,,,,,,,
25.41,0.062,-0.048,-0.02,0.01,,,,,,,,,,,
25.46,0.044,-0.048,-0.01,0,,,,,,,,,,,
25.51,0.044,-0.048,0,-0.01,,,,,,,,,,,
25.56,0.027,-0.048,0.01,-0.02,,,,,,,,,,,
25.61,0.027,-0.048,0.02,-0.03,,,,,,,,,,,
25.66,0.009,-0.031,0.03,-0.04,,,,,,,,,,,
25.71,-0.008,-0.013,0.04,-0.04,,,,,,,,,,,
25.76,-0.025,0.004,0.04,-0.04,,,,,,,,,,,
25.81,-0.043,0.004,0.04,-0.04,,,,,,,,,,,
25.86,-0.043,0.022,0.03,-0.04,,,,,,,,,,,
25.91,-0.043,0.039,0.03,-0.03,,,,,,,,,,,
25.96,-0.06,0.039,0.02,-0.03,,,,,,,,,,,
26.01,-0.06,0.057,0.01,-0.02,,,,,,,,,,,
26.06,-0.043,0.057,0,-0.01,,,,,,,,,,,
26.11,-0.043,0.057,-0.01,0,,,,,,,,,,,
26.16,-0.025,0.039,-0.02,0.01,,,,,,,,,,,
26.21,-0.008,0.039,-0.03,0.02,,,,,,,,,,,
26.26,-0.008,0.022,-0.04,0.03,,,,,,,,,,,
26.31,0.009,0.004,-0.04,0.04,,,,,,,,,,,
26.36,0.027,0.004,-0.04,0.04,,,,,,,,,,,
26.41,0.044,-0.013,-0.04,0.04,,,,,,,,,,,
26.46,0.044,-0.031,-0.04,0.03,,,,,,,,,,,
26.51,0.044,-0.048,-0.03,0.03,,,,,,,,,,,
26.56,0.062,-0.048,-0.03,0.02,,,,,,,,,,,
26.61,0.044,-0.048,-0.02,0.01,,,,,,,,,,,
26.66,0.044,-0.048,-0.01,0,,,,,,,,,,,
26.71,0.027,-0.048,0,-0.01,,,,,,,,,,,
26.76,0.027,-0.048,0.01,-0.02,,,,,,,,,,,
26.81,0.009,-0.031,0.02,-0.03,,,,,,,,,,,
26.86,-0.008,-0.013,0.03,-0.04,,,,,,,,,,,
26.91,-0.025,0.004,0.04,-0.04,,,,,,,,,,,
26.96,-0.025,0.004,0.04,-0.04,,,,,,,,,,,
27.01,-0.043,0.022,0.04,-0.04,,,,,,,,,,,
27.06,-0.043,0.039,0.03,-0.04,,,,,,,,,,,
27.11,-0.06,0.039,0.03,-0.03,,,,,,,,,,,
27.16,-0.06,0.057,0.02,-0.03,,,,,,,,,,,
27.21,-0.043,0.057,0.01,-0.02,,,,,,,,,,,
27.26,-0.043,0.057,0,-0.01,,,,,,,,,,,
27.31,-0.025,0.039,-0.01,0,,,,,,,,,,,
27.36,-0.008,0.039,-0.02,0.01,,,,,,,,,,,
27.41,-0.008,0.022,-0.03,0.02,,,,,,,,,,,
27.46,0.009,0.022,-0.04,0.03,,,,,,,,,,,
27.51,0.027,0.004,-0.04,0.04,,,,,,,,,,,
27.56,0.044,-0.013,-0.04,0.04,,,,,,,,,,,
27.61,0.044,-0.031,-0.04,0.04,,,,,,,,,,,
27.66,0.044,-0.031,-0.04,0.03,,,,,,,,,,,
27.71,0.062,-0.048,-0.03,0.03,,,,,,,,,,,
27.76,0.044,-0.048,-0.03,0.02,,,,,,,,,,,
27.81,0.044,-0.048,-0.02,0.01,,,,,,,,,,,
27.86,0.044,-0.048,-0.01,0,,,,,,,,,,,
27.91,0.027,-0.048,0,-0.01,,,,,,,,,,,
27.96,0.009,-0.031,0.01,-0.02,,,,,,,,,,,
28.01,-0.008,-0.013,0.02,-0.03,,,,,,,,,,,
28.06,-0.025,-0.013,0.03,-0.04,,,,,,,,,,,
28.11,-0.025,0.004,0.04,-0.04,,,,,,,,,,,
28.16,-0.043,0.022,0.04,-0.04,,,,,,,,,,,
28.21,-0.043,0.039,0.04,-0.04,,,,,,,,,,,
28.26,-0.06,0.039,0.03,-0.04,,,,,,,,,,,
28.31,-0.06,0.057,0.03,-0.03,,,,,,,,,,,
28.36,-0.043,0.057,0.02,-0.03,,,,,,,,,,,
28.41,-0.043,0.057,0.01,-0.02,,,,,,,,,,,
28.46,-0.025,0.039,0,-0.01,,,,,,,,,,,
28.51,-0.025,0.039,-0.01,0,,,,,,,,,,,
28.56,-0.008,0.022,-0.02,0.01,,,,,,,,,,,
28.61,0.009,0.022,-0.03,0.02,,,,,,,,,,,
28.66,0.027,0.004,-0.04,0.03,,,,,,,,,,,
28.71,0.044,-0.013,-0.04,0.04,,,,,,,,,,,
28.76,0.044,-0.031,-0.04,0.04,,,,,,,,,,,
28.81,0.044,-0.031,-0.04,0.04,,,,,,,,,,,
28.86,0.062,-0.048,-0.04,0.03,,,,,,,,,,,
28.91,0.062,-0.048,-0.03,0.03,,,,,,,,,,,
28.96,0.044,-0.048,-0.03,0.02,,,,,,,,,,,
29.01,0.044,-0.048,-0.02,0.01,,,,,,,,,,,
29.06,0.027,-0.048,-0.01,0,,,,,,,,,,,
29.11,0.009,-0.031,0.01,-0.01,,,,,,,,,,,
29.16,-0.008,-0.013,0.02,-0.02,,,,,,,,,,,
29.21,-0.025,-0.013,0.02,-0.03,,,,,,,,,,,
29.26,-0.025,0.004,0.03,-0.04,,,,,,,,,,,
29.31,-0.043,0.022,0.04,-0.04,,,,,,,,,,,
29.36,-0.043,0.039,0.04,-0.04,,,,,,,,,,,
29.41,-0.06,0.039,0.04,-0.04,,,,,,,,,,,
29.46,-0.06,0.039,0.03,-0.04,,,,,,,,,,,
29.51,-0.06,0.057,0.03,-0.03,,,,,,,,,,,
29.56,-0.043,0.057,0.02,-0.03,,,,,,,,,,,
29.61,-0.025,0.039,0.01,-0.02,,,,,,,,,,,
29.66,-0.025,0.039,0,-0.01,,,,,,,,,,,
29.71,-0.008,0.022,-0.01,0.01,,,,,,,,,,,
29.76,0.009,0.022,-0.02,0.02,,,,,,,,,,,
29.81,0.027,0.004,-0.03,0.02,,,,,,,,,,,
29.86,0.044,-0.013,-0.04,0.03,,,,,,,,,,,
29.91,0.044,-0.031,-0.04,0.04,,,,,,,,,,,
29.96,0.044,-0.031,-0.04,0.04,,,,,,,,,,,
30.01,0.062,-0.048,-0.04,0.04,,,,,,,,,,,
30.06,0.062,-0.048,-0.04,0.03,,,,,,,,,,,
30.11,0.044,-0.048,-0.03,0.03,,,,,,,,,,,
30.16,0.044,-0.048,-0.03,0.02,,,,,,,,,,,
30.21,0.027,-0.048,-0.02,0.01,,,,,,,,,,,
30.26,0.009,-0.031,-0.01,0,,,,,,,,,,,
30.31,-0.008,-0.013,0.01,-0.01,,,,,,,,,,,
30.36,-0.008,-0.013,0.02,-0.02,,,,,,,,,,,
30.41,-0.025,0.004,0.02,-0.03,,,,,,,,,,,
30.46,-0.043,0.022,0.03,-0.04,,,,,,,,,,,
30.51,-0.043,0.022,0.04,-0.04,,,,,,,,,,,
30.56,-0.06,0.039,0.04,-0.04,,,,,,,,,,,
30.61,-0.06,0.039,0.04,-0.04,,,,,,,,,,,
30.66,-0.06,0.057,0.03,-0.04,,,,,,,,,,,
30.71,-0.043,0.057,0.03,-0.03,,,,,,,,,,,
30.76,-0.043,0.039,0.02,-0.03,,,,,,,,,,,
30.81,-0.025,0.039,0.01,-0.02,,,,,,,,,,,
30.86,-0.008,0.022,0,-0.01,,,,,,,,,,,
30.91,0.009,0.022,-0.01,0.01,,,,,,,,,,,
30.96,0.027,0.004,-0.02,0.02,,,,,,,,,,,
31.01,0.027,-0.013,-0.03,0.02,,,,,,,,,,,
31.06,0.044,-0.013,-0.04,0.03,,,,,,,,,,,
31.11,0.044,-0.031,-0.04,0.04,,,,,,,,,,,
31.16,0.062,-0.048,-0.04,0.04,,,,,,,,,,,
31.21,0.062,-0.048,-0.04,0.04,,,,,,,,,,,
31.26,0.044,-0.048,-0.04,0.03,,,,,,,,,,,
31.31,0.044,-0.048,-0.03,0.03,,,,,,,,,,,
31.36,0.027,-0.048,-0.02,0.02,,,,,,,,,,,
31.41,0.009,-0.031,-0.02,0.01,,,,,,,,,,,
31.46,0.009,-0.013,0,0,,,,,,,,,,,
31.51,-0.008,-0.013,0.01,-0.01,,,,,,,,,,,
31.56,-0.025,0.004,0.02,-0.02,,,,,,,,,,,
31.61,-0.043,0.022,0.02,-0.03,,,,,,,,,,,
31.66,-0.043,0.022,0.03,-0.04,,,,,,,,,,,
31.71,-0.06,0.039,0.04,-0.04,,,,,,,,,,,
31.76,-0.06,0.039,0.04,-0.04,,,,,,,,,,,
31.81,-0.06,0.039,0.04,-0.04,,,,,,,,,,,
31.86,-0.043,0.039,0.03,-0.04,,,,,,,,,,,
31.91,-0.043,0.039,0.03,-0.03,,,,,,,,,,,
31.96,-0.025,0.039,0.02,-0.02,,,,,,,,,,,
32.01,-0.008,0.022,0.01,-0.02,,,,,,,,,,,
32.06,0.009,0.022,0,0,,,,,,,,,,,
32.11,0.027,0.004,-0.01,0.01,,,,,,,,,,,
32.16,0.027,-0.013,-0.02,0.02,,,,,,,,,,,
32.21,0.044,-0.013,-0.03,0.02,,,,,,,,,,,
32.26,0.044,-0.031,-0.04,0.03,,,,,,,,,,,
32.31,0.062,-0.031,-0.04,0.04,,,,,,,,,,,
32.36,0.062,-0.048,-0.04,0.04,,,,,,,,,,,
32.41,0.044,-0.048,-0.04,0.04,,,,,,,,,,,
32.46,0.044,-0.048,-0.04,0.03,,,,,,,,,,,
32.51,0.027,-0.048,-0.03,0.03,,,,,,,,,,,
32.56,0.009,-0.031,-0.02,0.02,,,,,,,,,,,
32.61,0.009,-0.031,-0.01,0.01,,,,,,,,,,,
32.66,-0.008,-0.013,0,0,,,,,,,,,,,
32.71,-0.025,0.004,0.01,-0.01,,,,,,,,,,,
32.76,-0.043,0.022,0.02,-0.02,,,,,,,,,,,
32.81,-0.043,0.022,0.02,-0.03,,,,,,,,,,,
32.86,-0.06,0.039,0.03,-0.04,,,,,,,,,,,
32.91,-0.06,0.039,0.04,-0.04,,,,,,,,,,,
32.96,-0.06,0.039,0.04,-0.04,,,,,,,,,,,
33.01,-0.043,0.039,0.04,-0.04,,,,,,,,,,,
33.06,-0.043,0.039,0.03,-0.04,,,,,,,,,,,
33.11,-0.025,0.039,0.03,-0.03,,,,,,,,,,,
33.16,-0.008,0.022,0.02,-0.02,,,,,,,,,,,
33.21,0.009,0.022,0.01,-0.02,,,,,,,,,,,
33.26,0.027,0.004,0,0,,,,,,,,,,,
33.31,0.027,-0.013,-0.01,0.01,,,,,,,,,,,
33.36,0.044,-0.013,-0.02,0.02,,,,,,,,,,,
33.41,0.044,-0.031,-0.03,0.02,,,,,,,,,,,
33.46,0.062,-0.031,-0.04,0.03,,,,,,,,,,,
33.51,0.062,-0.048,-0.04,0.04,,,,,,,,,,,
33.56,0.044,-0.048,-0.04,0.04,,,,,,,,,,,
33.61,0.044,-0.048,-0.04,0.04,,,,,,,,,,,
33.66,0.027,-0.048,-0.04,0.03,,,,,,,,,,,
33.71,0.027,-0.031,-0.03,0.03,,,,,,,,,,,
33.76,0.009,-0.031,-0.02,0.02,,,,,,,,,,,
33.81,-0.008,-0.013,-0.01,0.01,,,,,,,,,,,
33.86,-0.025,0.004,0,0,,,,,,,,,,,
33.91,-0.043,0.004,0.01,-0.01,,,,,,,,,,,
33.96,-0.043,0.022,0.02,-0.02,,,,,,,,,,,
34.01,-0.06,0.039,0.02,-0.03,,,,,,,,,,,
34.06,-0.06,0.039,0.03,-0.04,,,,,,,,,,,
34.11,-0.06,0.039,0.04,-0.04,,,,,,,,,,,
34.16,-0.043,0.039,0.04,-0.04,,,,,,,,,,,
34.21,-0.043,0.039,0.04,-0.04,,,,,,,,,,,
34.26,-0.025,0.039,0.03,-0.04,,,,,,,,,,,
34.31,-0.008,0.022,0.03,-0.03,,,,,,,,,,,
34.36,0.009,0.022,0.02,-0.02,,,,,,,,,,,
34.41,0.009,0.004,0.01,-0.01,,,,,,,,,,,
34.46,0.027,0.004,0,0,,,,,,,,,,,
34.51,0.044,-0.013,-0.01,0.01,,,,,,,,,,,
34.56,0.044,-0.031,-0.02,0.02,,,,,,,,,,,
34.61,0.062,-0.031,-0.03,0.03,,,,,,,,,,,
34.66,0.062,-0.048,-0.04,0.03,,,,,,,,,,,
34.71,0.044,-0.048,-0.04,0.04,,,,,,,,,,,
34.76,0.044,-0.048,-0.04,0.04,,,,,,,,,,,
34.81,0.027,-0.031,-0.04,0.04,,,,,,,,,,,
34.86,0.027,-0.031,-0.04,0.03,,,,,,,,,,,
34.91,0.009,-0.031,-0.03,0.03,,,,,,,,,,,
34.96,-0.008,-0.013,-0.02,0.02,,,,,,,,,,,
35.01,-0.025,0.004,-0.01,0.01,,,,,,,,,,,
35.06,-0.043,0.004,0,0,,,,,,,,,,,
35.11,-0.043,0.022,0.01,-0.01,,,,,,,,,,,
35.16,-0.06,0.039,0.02,-0.02,,,,,,,,,,,
35.21,-0.06,0.039,0.03,-0.03,,,,,,,,,,,
35.26,-0.06,0.039,0.03,-0.04,,,,,,,,,,,
35.31,-0.043,0.039,0.04,-0.04,,,,,,,,,,,
35.36,-0.043,0.039,0.04,-0.04,,,,,,,,,,,
35.41,-0.025,0.039,0.04,-0.04,,,,,,,,,,,
35.46,-0.008,0.022,0.03,-0.04,,,,,,,,,,,
35.51,-0.008,0.022,0.03,-0.03,,,,,,,,,,,
35.56,0.009,0.004,0.02,-0.02,,,,,,,,,,,
35.61,0.027,0.004,0.01,-0.01,,,,,,,,,,,
35.66,0.044,-0.013,0,0,,,,,,,,,,,
35.71,0.044,-0.031,-0.01,0.01,,,,,,,,,,,
35.76,0.062,-0.031,-0.02,0.02,,,,,,,,,,,
35.81,0.062,-0.031,-0.03,0.03,,,,,,,,,,,
35.86,0.062,-0.048,-0.04,0.03,,,,,,,,,,,
35.91,0.044,-0.048,-0.04,0.04,,,,,,,,,,,
35.96,0.044,-0.031,-0.04,0.04,,,,,,,,,,,
36.02,0.027,-0.031,-0.04,0.04,,,,,,,,,,,
36.07,0.009,-0.031,-0.04,0.03,,,,,,,,,,,
36.12,-0.008,-0.013,-0.03,0.03,,,,,,,,,,,
36.17,-0.025,0.004,-0.02,0.02,,,,,,,,,,,
36.22,-0.025,0.004,-0.01,0.01,,,,,,,,,,,
36.27,-0.043,0.022,0,0,,,,,,,,,,,
36.32,-0.06,0.022,0.01,-0.01,,,,,,,,,,,
36.37,-0.06,0.039,0.02,-0.02,,,,,,,,,,,
36.42,-0.06,0.039,0.03,-0.03,,,,,,,,,,,
36.47,-0.043,0.039,0.03,-0.04,,,,,,,,,,,
36.52,-0.043,0.039,0.04,-0.04,,,,,,,,,,,
36.57,-0.025,0.039,0.04,-0.04,,,,,,,,,,,
36.62,-0.025,0.022,0.04,-0.04,,,,,,,,,,,
36.67,-0.008,0.022,0.03,-0.04,,,,,,,,,,,
36.72,0.009,0.004,0.03,-0.03,,,,,,,,,,,
36.77,0.027,0.004,0.02,-0.02,,,,,,,,,,,
36.82,0.044,-0.013,0.01,-0.01,,,,,,,,,,,
36.87,0.044,-0.031,0,0,,,,,,,,,,,
36.92,0.062,-0.031,-0.01,0.01,,,,,,,,,,,
36.97,0.062,-0.031,-0.02,0.02,,,,,,,,,,,
37.02,0.062,-0.048,-0.03,0.03,,,,,,,,,,,
37.07,0.044,-0.048,-0.04,0.03,,,,,,,,,,,
37.12,0.044,-0.031,-0.04,0.04,,,,,,,,,,,
37.17,0.027,-0.031,-0.04,0.04,,,,,,,,,,,
37.22,0.009,-0.031,-0.04,0.04,,,,,,,,,,,
37.27,-0.008,-0.013,-0.04,0.03,,,,,,,,,,,
37.32,-0.025,0.004,-0.03,0.03,,,,,,,,,,,
37.37,-0.025,0.004,-0.02,0.02,,,,,,,,,,,
37.42,-0.043,0.022,-0.01,0.01,,,,,,,,,,,
37.47,-0.043,0.022,0,0,,,,,,,,,,,
37.52,-0.06,0.039,0.01,-0.01,,,,,,,,,,,
37.57,-0.06,0.039,0.02,-0.02,,,,,,,,,,,
37.62,-0.06,0.039,0.03,-0.03,,,,,,,,,,,
37.67,-0.043,0.039,0.03,-0.04,,,,,,,,,,,
37.72,-0.025,0.039,0.04,-0.04,,,,,,,,,,,
37.77,-0.025,0.022,0.04,-0.04,,,,,,,,,,,
37.82,-0.008,0.022,0.04,-0.04,,,,,,,,,,,
37.87,0.009,0.004,0.03,-0.04,,,,,,,,,,,
37.92,0.027,0.004,0.03,-0.03,,,,,,,,,,,
37.97,0.044,-0.013,0.02,-0.02,,,,,,,,,,,
38.02,0.044,-0.013,0.01,-0.01,,,,,,,,,,,
38.07,0.062,-0.031,0,0,,,,,,,,,,,
38.12,0.062,-0.031,-0.01,0.01,,,,,,,,,,,
38.17,0.062,-0.031,-0.02,0.02,,,,,,,,,,,
38.22,0.044,-0.031,-0.03,0.03,,,,,,,,,,,
38.27,0.044,-0.031,-0.04,0.03,,,,,,,,,,,
38.32,0.027,-0.031,-0.04,0.04,,,,,,,,,,,
38.37,0.009,-0.031,-0.04,0.04,,,,,,,,,,,
38.42,-0.008,-0.013,-0.04,0.04,,,,,,,,,,,
38.47,-0.025,0.004,-0.04,0.03,,,,,,,,,,,
38.52,-0.025,0.004,-0.03,0.03,,,,,,,,,,,
38.57,-0.043,0.022,-0.02,0.02,,,,,,,,,,,
38.62,-0.043,0.022,-0.01,0.01,,,,,,,,,,,
38.67,-0.06,0.039,0,0,,,,,,,,,,,
38.72,-0.06,0.039,0.01,-0.01,,,,,,,,,,,
38.77,-0.06,0.039,0.02,-0.02,,,,,,,,,,,
38.82,-0.043,0.039,0.03,-0.03,,,,,,,,,,,
38.87,-0.043,0.039,0.03,-0.04,,,,,,,,,,,
38.92,-0.025,0.022,0.04,-0.04,,,,,,,,,,,
38.97,-0.008,0.022,0.04,-0.04,,,,,,,,,,,
39.02,0.009,0.004,0.04,-0.04,,,,,,,,,,,
39.07,0.027,0.004,0.03,-0.04,,,,,,,,,,,
39.12,0.044,-0.013,0.03,-0.03,,,,,,,,,,,
39.17,0.044,-0.013,0.02,-0.02,,,,,,,,,,,
39.22,0.062,-0.031,0.01,-0.01,,,,,,,,,,,
39.27,0.062,-0.031,0,0,,,,,,,,,,,
39.32,0.062,-0.031,-0.01,0.01,,,,,,,,,,,
39.37,0.044,-0.031,-0.02,0.02,,,,,,,,,,,
39.42,0.044,-0.031,-0.03,0.03,,,,,,,,,,,
39.47,0.027,-0.031,-0.04,0.03,,,,,,,,,,,
39.52,0.009,-0.031,-0.04,0.04,,,,,,,,,,,
39.57,-0.008,-0.013,-0.04,0.04,,,,,,,,,,,
39.62,-0.008,0.004,-0.04,0.04,,,,,,,,,,,
39.67,-0.025,0.004,-0.04,0.03,,,,,,,,,,,
39.72,-0.043,0.022,-0.03,0.03,,,,,,,,,,,
39.77,-0.043,0.022,-0.02,0.02,,,,,,,,,,,
39.82,-0.06,0.039,-0.01,0.01,,,,,,,,,,,
39.87,-0.06,0.039,0,0,,,,,,,,,,,
39.92,-0.06,0.039,0.01,-0.01,,,,,,,,,,,
39.97,-0.043,0.039,0.02,-0.02,,,,,,,,,,,
40.02,-0.043,0.039,0.03,-0.03,,,,,,,,,,,
40.07,-0.025,0.022,0.03,-0.04,,,,,,,,,,,
40.12,-0.008,0.022,0.04,-0.04,,,,,,,,,,,
40.17,0.009,0.004,0.04,-0.04,,,,,,,,,,,
40.22,0.027,0.004,0.04,-0.04,,,,,,,,,,,
40.27,0.027,-0.013,0.03,-0.04,,,,,,,,,,,
40.32,0.044,-0.013,0.03,-0.03,,,,,,,,,,,
40.37,0.044,-0.031,0.02,-0.02,,,,,,,,,,,
40.42,0.062,-0.031,0.01,-0.01,,,,,,,,,,,
40.47,0.062,-0.031,0,0,,,,,,,,,,,
40.52,0.044,-0.031,-0.01,0.01,,,,,,,,,,,
40.57,0.044,-0.031,-0.02,0.02,,,,,,,,,,,
40.62,0.027,-0.031,-0.03,0.03,,,,,,,,,,,
40.67,0.009,-0.031,-0.04,0.03,,,,,,,,,,,
40.72,0.009,-0.013,-0.04,0.04,,,,,,,,,,,
40.77,-0.008,-0.013,-0.04,0.04,,,,,,,,,,,
40.82,-0.025,0.004,-0.04,0.04,,,,,,,,,,,
40.87,-0.043,0.022,-0.04,0.03,,,,,,,,,,,
40.92,-0.043,0.022,-0.03,0.03,,,,,,,,,,,
40.97,-0.06,0.039,-0.02,0.02,,,,,,,,,,,
41.02,-0.06,0.039,-0.01,0.01,,,,,,,,,,,
41.07,-0.06,0.039,0,0,,,,,,,,,,,
41.12,-0.043,0.039,0.01,-0.01,,,,,,,,,,,
41.17,-0.043,0.039,0.02,-0.02,,,,,,,,,,,
41.22,-0.025,0.022,0.03,-0.03,,,,,,,,,,,
41.27,-0.008,0.022,0.03,-0.04,,,,,,,,,,,
41.32,0.009,0.004,0.04,-0.04,,,,,,,,,,,
41.37,0.027,0.004,0.04,-0.04,,,,,,,,,,,
41.42,0.027,-0.013,0.04,-0.04,,,,,,,,,,,
41.47,0.044,-0.013,0.03,-0.04,,,,,,,,,,,
41.52,0.044,-0.031,0.03,-0.03,,,,,,,,,,,
41.57,0.062,-0.031,0.02,-0.02,,,,,,,,,,,
41.62,0.062,-0.031,0.01,-0.01,,,,,,,,,,,
41.67,0.044,-0.031,0,0,,,,,,,,,,,
41.72,0.044,-0.031,-0.01,0.01,,,,,,,,,,,
41.77,0.027,-0.031,-0.02,0.02,,,,,,,,,,,
41.82,0.027,-0.031,-0.03,0.03,,,,,,,,,,,
41.87,0.009,-0.013,-0.04,0.03,,,,,,,,,,,
41.92,-0.008,-0.013,-0.04,0.04,,,,,,,,,,,
41.97,-0.025,0.004,-0.04,0.04,,,,,,,,,,,
42.02,-0.043,0.022,-0.04,0.04,,,,,,,,,,,
42.07,-0.043,0.022,-0.04,0.03,,,,,,,,,,,
42.12,-0.06,0.022,-0.03,0.03,,,,,,,,,,,
42.17,-0.06,0.039,-0.02,0.02,,,,,,,,,,,
42.22,-0.06,0.039,-0.01,0.01,,,,,,,,,,,
42.27,-0.043,0.039,0,0,,,,,,,,,,,
42.32,-0.043,0.039,0.01,-0.01,,,,,,,,,,,
42.37,-0.025,0.022,0.02,-0.02,,,,,,,,,,,
42.42,-0.008,0.022,0.03,-0.03,,,,,,,,,,,
42.47,0.009,0.004,0.03,-0.04,,,,,,,,,,,
42.52,0.009,0.004,0.04,-0.04,,,,,,,,,,,
42.57,0.027,-0.013,0.04,-0.04,,,,,,,,,,,
42.62,0.044,-0.013,0.04,-0.04,,,,,,,,,,,
42.67,0.044,-0.031,0.03,-0.04,,,,,,,,,,,
42.72,0.062,-0.031,0.03,-0.03,,,,,,,,,,,
42.77,0.062,-0.031,0.02,-0.02,,,,,,,,,,,
42.82,0.044,-0.031,0.01,-0.01,,,,,,,,,,,
42.87,0.044,-0.031,0,0,,,,,,,,,,,
42.92,0.027,-0.031,-0.01,0.01,,,,,,,,,,,
42.97,0.027,-0.031,-0.02,0.02,,,,,,,,,,,
43.02,0.009,-0.013,-0.03,0.03,,,,,,,,,,,
43.07,-0.008,-0.013,-0.04,0.03,,,,,,,,,,,
43.12,-0.025,0.004,-0.04,0.04,,,,,,,,,,,
43.17,-0.043,0.022,-0.04,0.04,,,,,,,,,,,
43.22,-0.043,0.022,-0.04,0.04,,,,,,,,,,,
43.27,-0.06,0.022,-0.04,0.03,,,,,,,,,,,
43.32,-0.06,0.039,-0.03,0.03,,,,,,,,,,,
43.37,-0.06,0.039,-0.02,0.02,,,,,,,,,,,
43.42,-0.043,0.039,-0.01,0.01,,,,,,,,,,,
43.47,-0.043,0.039,0,0,,,,,,,,,,,
43.52,-0.025,0.022,0.01,-0.01,,,,,,,,,,,
43.57,-0.008,0.022,0.02,-0.02,,,,,,,,,,,
43.62,-0.008,0.004,0.03,-0.03,,,,,,,,,,,
43.67,0.009,0.004,0.03,-0.04,,,,,,,,,,,
43.72,0.027,-0.013,0.04,-0.04,,,,,,,,,,,
43.77,0.044,-0.013,0.04,-0.04,,,,,,,,,,,
43.82,0.044,-0.031,0.04,-0.04,,,,,,,,,,,
43.87,0.062,-0.031,0.03,-0.04,,,,,,,,,,,
43.92,0.062,-0.031,0.03,-0.03,,,,,,,,,,,
43.97,0.062,-0.031,0.02,-0.02,,,,,,,,,,,
44.02,0.044,-0.031,0.01,-0.01,,,,,,,,,,,
44.07,0.044,-0.031,0,0,,,,,,,,,,,
44.12,0.027,-0.031,-0.01,0.01,,,,,,,,,,,
44.17,0.009,-0.013,-0.02,0.02,,,,,,,,,,,
44.22,-0.008,-0.013,-0.03,0.03,,,,,,,,,,,
44.27,-0.025,0.004,-0.04,0.03,,,,,,,,,,,
44.32,-0.043,0.004,-0.04,0.04,,,,,,,,,,,
44.37,-0.043,0.022,-0.04,0.04,,,,,,,,,,,
44.42,-0.06,0.022,-0.04,0.04,,,,,,,,,,,
44.47,-0.06,0.039,-0.04,0.03,,,,,,,,,,,
44.52,-0.06,0.039,-0.03,0.03,,,,,,,,,,,
44.57,-0.043,0.039,-0.02,0.02,,,,,,,,,,,
44.62,-0.043,0.039,-0.01,0.01,,,,,,,,,,,
44.67,-0.025,0.022,0,0,,,,,,,,,,,
44.72,-0.008,0.022,0.01,-0.01,,,,,,,,,,,
44.77,-0.008,0.004,0.02,-0.02,,,,,,,,,,,
44.82,0.009,0.004,0.03,-0.03,,,,,,,,,,,
44.87,0.027,-0.013,0.03,-0.04,,,,,,,,,,,
44.92,0.044,-0.013,0.04,-0.04,,,,,,,,,,,
44.97,0.044,-0.031,0.04,-0.04,,,,,,,,,,,
45.02,0.062,-0.031,0.04,-0.04,,,,,,,,,,,
45.07,0.062,-0.031,0.03,-0.04,,,,,,,,,,,
45.12,0.062,-0.031,0.03,-0.03,,,,,,,,,,,
45.17,0.044,-0.031,0.02,-0.02,,,,,,,,,,,
45.22,0.044,-0.031,0.01,-0.01,,,,,,,,,,,
45.27,0.027,-0.031,0,0,,,,,,,,,,,
45.32,0.009,-0.013,-0.01,0.01,,,,,,,,,,,
45.37,-0.008,-0.013,-0.02,0.02,,,,,,,,,,,
45.42,-0.025,0.004,-0.03,0.03,,,,,,,,,,,
45.47,-0.025,0.004,-0.04,0.03,,,,,,,,,,,
45.52,-0.043,0.022,-0.04,0.04,,,,,,,,,,,
45.57,-0.043,0.022,-0.04,0.04,,,,,,,,,,,
45.62,-0.06,0.039,-0.04,0.04,,,,,,,,,,,
45.67,-0.06,0.039,-0.04,0.03,,,,,,,,,,,
45.72,-0.043,0.039,-0.03,0.03,,,,,,,,,,,
45.77,-0.043,0.039,-0.02,0.02,,,,,,,,,,,
45.82,-0.025,0.022,-0.01,0.01,,,,,,,,,,,
45.87,-0.025,0.022,0,0,,,,,,,,,,,
45.92,-0.008,0.004,0.01,-0.01,,,,,,,,,,,
45.97,0.009,0.004,0.02,-0.02,,,,,,,,,,,
46.02,0.027,-0.013,0.03,-0.03,,,,,,,,,,,
46.07,0.044,-0.013,0.03,-0.04,,,,,,,,,,,
46.12,0.044,-0.013,0.04,-0.04,,,,,,,,,,,
46.17,0.062,-0.031,0.04,-0.04,,,,,,,,,,,
46.22,0.062,-0.031,0.04,-0.04,,,,,,,,,,,
46.27,0.062,-0.031,0.03,-0.04,,,,,,,,,,,
46.32,0.044,-0.031,0.02,-0.03,,,,,,,,,,,
46.37,0.044,-0.031,0.02,-0.02,,,,,,,,,,,
46.42,0.027,-0.031,0.01,-0.01,,,,,,,,,,,
46.47,0.009,-0.013,0,0,,,,,,,,,,,
46.52,-0.008,-0.013,-0.01,0.01,,,,,,,,,,,
46.57,-0.025,0.004,-0.02,0.02,,,,,,,,,,,
46.62,-0.025,0.004,-0.03,0.03,,,,,,,,,,,
46.67,-0.043,0.022,-0.04,0.03,,,,,,,,,,,
46.72,-0.043,0.022,-0.04,0.04,,,,,,,,,,,
46.77,-0.06,0.022,-0.04,0.04,,,,,,,,,,,
46.82,-0.06,0.039,-0.04,0.04,,,,,,,,,,,
46.87,-0.06,0.039,-0.04,0.03,,,,,,,,,,,
46.92,-0.043,0.039,-0.03,0.03,,,,,,,,,,,
46.97,-0.025,0.022,-0.02,0.02,,,,,,,,,,,
47.02,-0.025,0.022,-0.01,0.01,,,,,,,,,,,
47.07,-0.008,0.004,0,0,,,,,,,,,,,
47.12,0.009,0.004,0.01,-0.01,,,,,,,,,,,
47.17,0.027,-0.013,0.02,-0.02,,,,,,,,,,,
47.22,0.044,-0.013,0.03,-0.03,,,,,,,,,,,
47.27,0.044,-0.013,0.03,-0.04,,,,,,,,,,,
47.32,0.044,-0.031,0.04,-0.04,,,,,,,,,,,
47.37,0.062,-0.031,0.04,-0.04,,,,,,,,,,,
47.42,0.062,-0.031,0.04,-0.04,,,,,,,,,,,
47.47,0.044,-0.031,0.03,-0.04,,,,,,,,,,,
47.52,0.044,-0.031,0.02,-0.03,,,,,,,,,,,
47.57,0.027,-0.031,0.02,-0.02,,,,,,,,,,,
47.62,0.009,-0.013,0.01,-0.01,,,,,,,,,,,
47.67,-0.008,-0.013,0,0,,,,,,,,,,,
47.72,-0.008,0.004,-0.02,0.01,,,,,,,,,,,
47.77,-0.025,0.004,-0.02,0.02,,,,,,,,,,,
47.82,-0.043,0.022,-0.03,0.03,,,,,,,,,,,
47.87,-0.043,0.022,-0.04,0.03,,,,,,,,,,,
47.92,-0.06,0.022,-0.04,0.04,,,,,,,,,,,
47.97,-0.06,0.039,-0.04,0.04,,,,,,,,,,,
48.02,-0.06,0.039,-0.04,0.04,,,,,,,,,,,
48.07,-0.043,0.022,-0.04,0.03,,,,,,,,,,,
48.12,-0.043,0.022,-0.03,0.02,,,,,,,,,,,
48.17,-0.025,0.022,-0.02,0.02,,,,,,,,,,,
48.22,-0.008,0.004,-0.01,0.01,,,,,,,,,,,
48.27,0.009,0.004,0,0,,,,,,,,,,,
48.32,0.027,0.004,0.01,-0.02,,,,,,,,,,,
48.37,0.027,-0.013,0.02,-0.02,,,,,,,,,,,
48.42,0.044,-0.013,0.03,-0.03,,,,,,,,,,,
48.47,0.044,-0.031,0.03,-0.04,,,,,,,,,,,
48.52,0.062,-0.031,0.04,-0.04,,,,,,,,,,,
48.57,0.062,-0.031,0.04,-0.04,,,,,,,,,,,
48.62,0.044,-0.031,0.04,-0.04,,,,,,,,,,,
48.67,0.044,-0.031,0.03,-0.04,,,,,,,,,,,
48.72,0.027,-0.013,0.02,-0.03,,,,,,,,,,,
48.77,0.009,-0.013,0.02,-0.02,,,,,,,,,,,
48.82,0.009,-0.013,0.01,-0.01,,,,,,,,,,,
48.87,-0.008,0.004,0,0,,,,,,,,,,,
48.92,-0.025,0.004,-0.02,0.01,,,,,,,,,,,
48.97,-0.043,0.022,-0.02,0.02,,,,,,,,,,,
49.02,-0.043,0.022,-0.03,0.03,,,,,,,,,,,
49.07,-0.06,0.022,-0.04,0.03,,,,,,,,,,,
49.12,-0.06,0.039,-0.04,0.04,,,,,,,,,,,
49.17,-0.06,0.039,-0.04,0.04,,,,,,,,,,,
49.22,-0.043,0.022,-0.04,0.04,,,,,,,,,,,
49.27,-0.043,0.022,-0.04,0.03,,,,,,,,,,,
49.32,-0.025,0.022,-0.03,0.02,,,,,,,,,,,
49.37,-0.008,0.004,-0.02,0.02,,,,,,,,,,,
49.42,0.009,0.004,-0.01,0.01,,,,,,,,,,,
49.47,0.027,0.004,0,0,,,,,,,,,,,
49.52,0.027,-0.013,0.01,-0.02,,,,,,,,,,,
49.57,0.044,-0.013,0.02,-0.03,,,,,,,,,,,
49.62,0.044,-0.031,0.03,-0.03,,,,,,,,,,,
49.67,0.062,-0.031,0.03,-0.04,,,,,,,,,,,
49.72,0.062,-0.031,0.04,-0.04,,,,,,,,,,,
49.77,0.044,-0.031,0.04,-0.04,,,,,,,,,,,
49.82,0.044,-0.031,0.04,-0.04,,,,,,,,,,,
49.87,0.027,-0.013,0.03,-0.04,,,,,,,,,,,
49.92,0.027,-0.013,0.02,-0.03,,,,,,,,,,,
49.97,0.009,-0.013,0.02,-0.02,,,,,,,,,,,
50.02,-0.008,0.004,0.01,-0.01,,,,,,,,,,,
50.07,-0.025,0.004,0,0,,,,,,,,,,,
50.12,-0.043,0.022,-0.02,0.01,,,,,,,,,,,
50.17,-0.043,0.022,-0.02,0.02,,,,,,,,,,,
50.22,-0.06,0.022,-0.03,0.03,,,,,,,,,,,
50.27,-0.06,0.022,-0.04,0.03,,,,,,,,,,,
50.32,-0.06,0.039,-0.04,0.04,,,,,,,,,,,
50.37,-0.043,0.022,-0.04,0.04,,,,,,,,,,,
50.42,-0.043,0.022,-0.04,0.04,,,,,,,,,,,
50.47,-0.025,0.022,-0.04,0.03,,,,,,,,,,,
50.52,-0.008,0.004,-0.03,0.02,,,,,,,,,,,
50.57,0.009,0.004,-0.02,0.02,,,,,,,,,,,
50.62,0.009,0.004,-0.01,0.01,,,,,,,,,,,
50.67,0.027,-0.013,0,-0.01,,,,,,,,,,,
50.72,0.044,-0.013,0.01,-0.02,,,,,,,,,,,
50.77,0.044,-0.031,0.02,-0.03,,,,,,,,,,,
50.82,0.062,-0.031,0.03,-0.03,,,,,,,,,,,
50.87,0.062,-0.031,0.03,-0.04,,,,,,,,,,,
50.92,0.044,-0.031,0.04,-0.04,,,,,,,,,,,
50.97,0.044,-0.031,0.04,-0.04,,,,,,,,,,,
51.02,0.027,-0.013,0.04,-0.04,,,,,,,,,,,
51.07,0.027,-0.013,0.03,-0.04,,,,,,,,,,,
51.12,0.009,-0.013,0.02,-0.03,,,,,,,,,,,
51.17,-0.008,0.004,0.02,-0.02,,,,,,,,,,,
51.22,-0.025,0.004,0.01,-0.01,,,,,,,,,,,
51.27,-0.043,0.022,-0.01,0,,,,,,,,,,,
51.32,-0.043,0.022,-0.02,0.01,,,,,,,,,,,
51.37,-0.06,0.022,-0.03,0.02,,,,,,,,,,,
51.42,-0.06,0.022,-0.03,0.03,,,,,,,,,,,
51.47,-0.06,0.022,-0.04,0.03,,,,,,,,,,,
51.52,-0.043,0.022,-0.04,0.04,,,,,,,,,,,
51.57,-0.043,0.022,-0.04,0.04,,,,,,,,,,,
51.62,-0.025,0.022,-0.04,0.04,,,,,,,,,,,
51.67,-0.008,0.004,-0.04,0.03,,,,,,,,,,,
51.72,-0.008,0.004,-0.03,0.02,,,,,,,,,,,
51.77,0.009,0.004,-0.02,0.01,,,,,,,,,,,
51.82,0.027,-0.013,-0.01,0,,,,,,,,,,,
51.87,0.044,-0.013,0,-0.01,,,,,,,,,,,
51.92,0.044,-0.031,0.01,-0.02,,,,,,,,,,,
51.97,0.062,-0.031,0.02,-0.03,,,,,,,,,,,
52.02,0.062,-0.031,0.03,-0.03,,,,,,,,,,,
52.07,0.044,-0.031,0.03,-0.04,,,,,,,,,,,
52.12,0.044,-0.031,0.04,-0.04,,,,,,,,,,,
52.17,0.027,-0.013,0.04,-0.04,,,,,,,,,,,
52.22,0.027,-0.013,0.04,-0.04,,,,,,,,,,,
52.27,0.009,-0.013,0.03,-0.04,,,,,,,,,,,
52.32,-0.008,0.004,0.02,-0.03,,,,,,,,,,,
52.37,-0.025,0.004,0.02,-0.02,,,,,,,,,,,
52.42,-0.025,0.022,0.01,-0.01,,,,,,,,,,,
52.47,-0.043,0.022,-0.01,0,,,,,,,,,,,
52.52,-0.043,0.022,-0.02,0.01,,,,,,,,,,,
52.57,-0.06,0.022,-0.03,0.02,,,,,,,,,,,
52.62,-0.06,0.022,-0.03,0.03,,,,,,,,,,,
52.67,-0.043,0.022,-0.04,0.03,,,,,,,,,,,
52.72,-0.043,0.022,-0.04,0.04,,,,,,,,,,,
52.77,-0.025,0.022,-0.04,0.04,,,,,,,,,,,
52.82,-0.008,0.004,-0.04,0.04,,,,,,,,,,,
52.87,-0.008,0.004,-0.04,0.03,,,,,,,,,,,
52.92,0.009,0.004,-0.03,0.02,,,,,,,,,,,
52.97,0.027,-0.013,-0.02,0.01,,,,,,,,,,,
53.02,0.044,-0.013,-0.01,0,,,,,,,,,,,
53.07,0.044,-0.031,0,-0.01,,,,,,,,,,,
53.12,0.044,-0.031,0.01,-0.02,,,,,,,,,,,
53.17,0.062,-0.031,0.02,-0.03,,,,,,,,,,,
53.22,0.044,-0.031,0.03,-0.03,,,,,,,,,,,
53.27,0.044,-0.031,0.03,-0.04,,,,,,,,,,,
53.32,0.044,-0.013,0.04,-0.04,,,,,,,,,,,
53.37,0.027,-0.013,0.04,-0.04,,,,,,,,,,,
53.42,0.009,-0.013,0.04,-0.04,,,,,,,,,,,
53.47,-0.008,0.004,0.03,-0.04,,,,,,,,,,,
53.52,-0.025,0.004,0.02,-0.03,,,,,,,,,,,
53.57,-0.025,0.022,0.01,-0.02,,,,,,,,,,,
53.62,-0.043,0.022,0,-0.01,,,,,,,,,,,
53.67,-0.043,0.022,-0.01,0,,,,,,,,,,,
53.72,-0.06,0.022,-0.02,0.01,,,,,,,,,,,
53.77,-0.06,0.022,-0.03,0.02,,,,,,,,,,,
53.82,-0.043,0.022,-0.03,0.03,,,,,,,,,,,
53.87,-0.043,0.022,-0.04,0.03,,,,,,,,,,,
53.92,-0.025,0.022,-0.04,0.04,,,,,,,,,,,
53.97,-0.025,0.004,-0.04,0.04,,,,,,,,,,,
54.02,-0.008,0.004,-0.04,0.04,,,,,,,,,,,
54.07,0.009,0.004,-0.04,0.03,,,,,,,,,,,
54.12,0.027,-0.013,-0.03,0.02,,,,,,,,,,,
54.17,0.044,-0.013,-0.02,0.01,,,,,,,,,,,
54.22,0.044,-0.031,-0.01,0,,,,,,,,,,,
54.27,0.044,-0.031,0,-0.01,,,,,,,,,,,
54.32,0.062,-0.031,0.01,-0.02,,,,,,,,,,,
54.37,0.044,-0.031,0.02,-0.03,,,,,,,,,,,
54.42,0.044,-0.031,0.03,-0.03,,,,,,,,,,,
54.47,0.044,-0.013,0.03,-0.04,,,,,,,,,,,
54.52,0.027,-0.013,0.04,-0.04,,,,,,,,,,,
54.57,0.009,-0.013,0.04,-0.04,,,,,,,,,,,
54.62,-0.008,0.004,0.04,-0.04,,,,,,,,,,,
54.67,-0.025,0.004,0.03,-0.04,,,,,,,,,,,
54.72,-0.025,0.022,0.02,-0.03,,,,,,,,,,,
54.77,-0.043,0.022,0.01,-0.02,,,,,,,,,,,
54.82,-0.043,0.022,0,-0.01,,,,,,,,,,,
54.87,-0.06,0.022,-0.01,0,,,,,,,,,,,
54.92,-0.06,0.022,-0.02,0.01,,,,,,,,,,,
54.97,-0.043,0.022,-0.03,0.02,,,,,,,,,,,
55.02,-0.043,0.022,-0.03,0.03,,,,,,,,,,,
55.07,-0.025,0.022,-0.04,0.03,,,,,,,,,,,
55.12,-0.025,0.004,-0.04,0.04,,,,,,,,,,,
55.17,-0.008,0.004,-0.04,0.04,,,,,,,,,,,
55.22,0.009,0.004,-0.04,0.04,,,,,,,,,,,
55.27,0.027,-0.013,-0.04,0.03,,,,,,,,,,,
55.32,0.027,-0.013,-0.03,0.02,,,,,,,,,,,
55.37,0.044,-0.013,-0.02,0.01,,,,,,,,,,,
55.42,0.044,-0.031,-0.01,0,,,,,,,,,,,
55.47,0.062,-0.031,0,-0.01,,,,,,,,,,,
55.52,0.044,-0.031,0.01,-0.02,,,,,,,,,,,
55.57,0.044,-0.031,0.02,-0.03,,,,,,,,,,,
55.62,0.044,-0.013,0.03,-0.03,,,,,,,,,,,
55.67,0.027,-0.013,0.03,-0.04,,,,,,,,,,,
55.72,0.009,-0.013,0.04,-0.04,,,,,,,,,,,
55.77,-0.008,0.004,0.04,-0.04,,,,,,,,,,,
55.82,-0.008,0.004,0.04,-0.04,,,,,,,,,,,
55.87,-0.025,0.022,0.03,-0.04,,,,,,,,,,,
55.92,-0.043,0.022,0.02,-0.03,,,,,,,,,,,
55.97,-0.043,0.022,0.01,-0.02,,,,,,,,,,,
56.02,-0.06,0.022,0,-0.01,,,,,,,,,,,
56.07,-0.06,0.022,-0.01,0,,,,,,,,,,,
56.12,-0.043,0.022,-0.02,0.01,,,,,,,,,,,
56.17,-0.043,0.022,-0.03,0.02,,,,,,,,,,,
56.22,-0.043,0.022,-0.03,0.03,,,,,,,,,,,
56.27,-0.025,0.004,-0.04,0.03,,,,,,,,,,,
56.32,-0.008,0.004,-0.04,0.04,,,,,,,,,,,
56.37,0.009,0.004,-0.04,0.04,,,,,,,,,,,
56.42,0.027,-0.013,-0.04,0.04,,,,,,,,,,,
56.47,0.027,-0.013,-0.04,0.03,,,,,,,,,,,
56.52,0.044,-0.013,-0.03,0.02,,,,,,,,,,,
56.57,0.044,-0.031,-0.02,0.01,,,,,,,,,,,
56.62,0.044,-0.031,-0.01,0,,,,,,,,,,,
56.67,0.044,-0.031,0,-0.01,,,,,,,,,,,
56.72,0.044,-0.031,0.01,-0.02,,,,,,,,,,,
56.77,0.044,-0.013,0.02,-0.03,,,,,,,,,,,
56.82,0.027,-0.013,0.03,-0.03,,,,,,,,,,,
56.87,0.009,-0.013,0.03,-0.04,,,,,,,,,,,
56.92,0.009,0.004,0.04,-0.04,,,,,,,,,,,
56.97,-0.008,0.004,0.04,-0.04,,,,,,,,,,,
57.02,-0.025,0.022,0.04,-0.04,,,,,,,,,,,
57.07,-0.043,0.022,0.03,-0.04,,,,,,,,,,,
57.12,-0.043,0.022,0.02,-0.03,,,,,,,,,,,
57.17,-0.043,0.022,0.01,-0.02,,,,,,,,,,,
57.22,-0.06,0.022,0,-0.01,,,,,,,,,,,
57.27,-0.043,0.022,-0.01,0,,,,,,,,,,,
57.32,-0.043,0.022,-0.02,0.01,,,,,,,,,,,
57.37,-0.043,0.022,-0.03,0.02,,,,,,,,,,,
57.42,-0.025,0.004,-0.03,0.03,,,,,,,,,,,
57.47,-0.008,0.004,-0.04,0.03,,,,,,,,,,,
57.52,0.009,0.004,-0.04,0.04,,,,,,,,,,,
57.57,0.027,-0.013,-0.04,0.04,,,,,,,,,,,
57.62,0.027,-0.013,-0.04,0.04,,,,,,,,,,,
57.67,0.044,-0.013,-0.04,0.03,,,,,,,,,,,
57.72,0.044,-0.031,-0.03,0.02,,,,,,,,,,,
57.77,0.044,-0.031,-0.02,0.01,,,,,,,,,,,
57.82,0.044,-0.031,-0.01,0,,,,,,,,,,,
57.87,0.044,-0.031,0,-0.01,,,,,,,,,,,
57.92,0.044,-0.013,0.01,-0.02,,,,,,,,,,,
57.97,0.027,-0.013,0.02,-0.03,,,,,,,,,,,
58.02,0.009,-0.013,0.03,-0.03,,,,,,,,,,,
58.07,0.009,0.004,0.03,-0.04,,,,,,,,,,,
58.12,-0.008,0.004,0.04,-0.04,,,,,,,,,,,
58.17,-0.025,0.022,0.04,-0.04,,,,,,,,,,,
58.22,-0.043,0.022,0.04,-0.04,,,,,,,,,,,
58.27,-0.043,0.022,0.03,-0.04,,,,,,,,,,,
58.32,-0.043,0.022,0.02,-0.03,,,,,,,,,,,
58.37,-0.06,0.022,0.01,-0.02,,,,,,,,,,,
58.42,-0.043,0.022,0,-0.01,,,,,,,,,,,
58.47,-0.043,0.022,-0.01,0,,,,,,,,,,,
58.52,-0.043,0.022,-0.02,0.01,,,,,,,,,,,
58.57,-0.025,0.004,-0.03,0.02,,,,,,,,,,,
58.62,-0.008,0.004,-0.03,0.03,,,,,,,,,,,
58.67,0.009,0.004,-0.04,0.03,,,,,,,,,,,
58.72,0.009,-0.013,-0.04,0.04,,,,,,,,,,,
58.77,0.027,-0.013,-0.04,0.04,,,,,,,,,,,
58.82,0.044,-0.013,-0.04,0.04,,,,,,,,,,,
58.87,0.044,-0.031,-0.03,0.03,,,,,,,,,,,
58.92,0.044,-0.031,-0.03,0.02,,,,,,,,,,,
58.97,0.044,-0.031,-0.02,0.01,,,,,,,,,,,
59.02,0.044,-0.031,-0.01,0,,,,,,,,,,,
59.07,0.044,-0.013,0,-0.01,,,,,,,,,,,
59.12,0.027,-0.013,0.01,-0.02,,,,,,,,,,,
59.17,0.027,-0.013,0.02,-0.03,,,,,,,,,,,
59.22,0.009,0.004,0.03,-0.03,,,,,,,,,,,
59.27,-0.008,0.004,0.03,-0.04,,,,,,,,,,,
59.32,-0.025,0.022,0.04,-0.04,,,,,,,,,,,
59.37,-0.025,0.022,0.04,-0.04,,,,,,,,,,,
59.42,-0.043,0.022,0.04,-0.04,,,,,,,,,,,
59.47,-0.043,0.022,0.03,-0.04,,,,,,,,,,,
59.52,-0.06,0.022,0.02,-0.03,,,,,,,,,,,
59.57,-0.043,0.022,0.01,-0.02,,,,,,,,,,,
59.62,-0.043,0.022,0,-0.01,,,,,,,,,,,
59.67,-0.043,0.022,-0.01,0,,,,,,,,,,,
59.72,-0.025,0.004,-0.02,0.01,,,,,,,,,,,
59.77,-0.008,0.004,-0.03,0.02,,,,,,,,,,,
59.82,-0.008,0.004,-0.03,0.03,,,,,,,,,,,
59.87,0.009,-0.013,-0.04,0.03,,,,,,,,,,,
59.92,0.027,-0.013,-0.04,0.04,,,,,,,,,,,
59.97,0.044,-0.013,-0.04,0.04,,,,,,,,,,,
60.03,0.044,-0.031,-0.04,0.04,,,,,,,,,,,
60.08,0.044,-0.031,-0.03,0.03,,,,,,,,,,,
60.13,0.044,-0.031,-0.03,0.02,,,,,,,,,,,
60.18,0.044,-0.031,-0.02,0.01,,,,,,,,,,,
60.23,0.044,-0.013,-0.01,0,,,,,,,,,,,
60.28,0.027,-0.013,0,-0.01,,,,,,,,,,,
60.33,0.027,-0.013,0.01,-0.02,,,,,,,,,,,
60.38,0.009,0.004,0.02,-0.03,,,,,,,,,,,
60.43,-0.008,0.004,0.03,-0.03,,,,,,,,,,,
60.48,-0.025,0.022,0.03,-0.04,,,,,,,,,,,
60.53,-0.025,0.022,0.04,-0.04,,,,,,,,,,,
60.58,-0.043,0.022,0.04,-0.04,,,,,,,,,,,
60.63,-0.043,0.022,0.03,-0.04,,,,,,,,,,,
60.68,-0.043,0.022,0.03,-0.03,,,,,,,,,,,
60.73,-0.043,0.022,0.02,-0.03,,,,,,,,,,,
60.78,-0.043,0.022,0.01,-0.02,,,,,,,,,,,
60.83,-0.043,0.022,0,-0.01,,,,,,,,,,,
60.88,-0.025,0.004,-0.01,0,,,,,,,,,,,
60.93,-0.008,0.004,-0.02,0.01,,,,,,,,,,,
60.98,-0.008,0.004,-0.03,0.02,,,,,,,,,,,
61.03,0.009,-0.013,-0.03,0.03,,,,,,,,,,,
61.08,0.027,-0.013,-0.04,0.04,,,,,,,,,,,
61.13,0.044,-0.013,-0.04,0.04,,,,,,,,,,,
61.18,0.044,-0.031,-0.04,0.04,,,,,,,,,,,
61.23,0.044,-0.031,-0.04,0.04,,,,,,,,,,,
61.28,0.044,-0.031,-0.03,0.03,,,,,,,,,,,
61.33,0.044,-0.031,-0.03,0.02,,,,,,,,,,,
61.38,0.044,-0.013,-0.02,0.01,,,,,,,,,,,
61.43,0.027,-0.013,-0.01,0,,,,,,,,,,,
61.48,0.027,-0.013,0,-0.01,,,,,,,,,,,
61.53,0.009,0.004,0.01,-0.02,,,,,,,,,,,
61.58,-0.008,0.004,0.02,-0.03,,,,,,,,,,,
61.63,-0.025,0.004,0.03,-0.03,,,,,,,,,,,
61.68,-0.025,0.022,0.03,-0.04,,,,,,,,,,,
61.73,-0.043,0.022,0.04,-0.04,,,,,,,,,,,
61.78,-0.043,0.022,0.04,-0.04,,,,,,,,,,,
61.83,-0.043,0.022,0.03,-0.04,,,,,,,,,,,
61.88,-0.043,0.022,0.03,-0.03,,,,,,,,,,,
61.93,-0.043,0.022,0.02,-0.03,,,,,,,,,,,
61.98,-0.043,0.022,0.01,-0.02,,,,,,,,,,,
62.03,-0.025,0.004,0,-0.01,,,,,,,,,,,
62.08,-0.025,0.004,-0.01,0,,,,,,,,,,,
62.13,-0.008,0.004,-0.02,0.01,,,,,,,,,,,
62.18,0.009,-0.013,-0.03,0.02,,,,,,,,,,,
62.23,0.027,-0.013,-0.03,0.03,,,,,,,,,,,
62.28,0.027,-0.013,-0.04,0.04,,,,,,,,,,,
62.33,0.044,-0.031,-0.04,0.04,,,,,,,,,,,
62.38,0.044,-0.031,-0.04,0.04,,,,,,,,,,,
62.43,0.044,-0.031,-0.04,0.04,,,,,,,,,,,
62.48,0.044,-0.031,-0.03,0.03,,,,,,,,,,,
62.53,0.044,-0.013,-0.03,0.02,,,,,,,,,,,
62.58,0.027,-0.013,-0.02,0.01,,,,,,,,,,,
62.63,0.027,-0.013,-0.01,0,,,,,,,,,,,
62.68,0.009,0.004,0,-0.01,,,,,,,,,,,
62.73,-0.008,0.004,0.01,-0.02,,,,,,,,,,,
62.78,-0.008,0.004,0.02,-0.03,,,,,,,,,,,
62.83,-0.025,0.022,0.03,-0.04,,,,,,,,,,,
62.88,-0.043,0.022,0.03,-0.04,,,,,,,,,,,
62.93,-0.043,0.022,0.04,-0.04,,,,,,,,,,,
62.98,-0.043,0.022,0.04,-0.04,,,,,,,,,,,
63.03,-0.043,0.022,0.03,-0.04,,,,,,,,,,,
63.08,-0.043,0.022,0.03,-0.03,,,,,,,,,,,
63.13,-0.043,0.022,0.02,-0.03,,,,,,,,,,,
63.18,-0.025,0.004,0.01,-0.02,,,,,,,,,,,
63.23,-0.025,0.004,0,-0.01,,,,,,,,,,,
63.28,-0.008,0.004,-0.01,0,,,,,,,,,,,
63.33,0.009,-0.013,-0.02,0.01,,,,,,,,,,,
63.38,0.027,-0.013,-0.03,0.02,,,,,,,,,,,
63.43,0.027,-0.013,-0.04,0.03,,,,,,,,,,,
63.48,0.044,-0.031,-0.04,0.04,,,,,,,,,,,
63.53,0.044,-0.031,-0.04,0.04,,,,,,,,,,,
63.58,0.044,-0.031,-0.04,0.04,,,,,,,,,,,
63.63,0.044,-0.031,-0.04,0.03,,,,,,,,,,,
63.68,0.044,-0.013,-0.03,0.03,,,,,,,,,,,
63.73,0.044,-0.013,-0.03,0.02,,,,,,,,,,,
63.78,0.027,-0.013,-0.02,0.01,,,,,,,,,,,
63.83,0.009,0.004,-0.01,0,,,,,,,,,,,
63.88,-0.008,0.004,0,-0.01,,,,,,,,,,,
63.93,-0.008,0.004,0.01,-0.02,,,,,,,,,,,
63.98,-0.025,0.022,0.02,-0.03,,,,,,,,,,,
64.03,-0.043,0.022,0.03,-0.04,,,,,,,,,,,
64.08,-0.043,0.022,0.04,-0.04,,,,,,,,,,,
64.13,-0.043,0.022,0.04,-0.04,,,,,,,,,,,
64.18,-0.043,0.022,0.04,-0.04,,,,,,,,,,,
64.23,-0.043,0.022,0.03,-0.04,,,,,,,,,,,
64.28,-0.043,0.022,0.03,-0.03,,,,,,,,,,,
64.33,-0.025,0.004,0.02,-0.03,,,,,,,,,,,
64.38,-0.025,0.004,0.01,-0.02,,,,,,,,,,,
64.43,-0.008,0.004,0,-0.01,,,,,,,,,,,
64.48,0.009,-0.013,-0.01,0,,,,,,,,,,,
64.53,0.027,-0.013,-0.02,0.01,,,,,,,,,,,
64.58,0.027,-0.013,-0.03,0.02,,,,,,,,,,,
64.63,0.044,-0.031,-0.04,0.03,,,,,,,,,,,
64.68,0.044,-0.031,-0.04,0.04,,,,,,,,,,,
64.73,0.044,-0.031,-0.04,0.04,,,,,,,,,,,
64.78,0.044,-0.031,-0.04,0.04,,,,,,,,,,,
64.83,0.044,-0.013,-0.04,0.03,,,,,,,,,,,
64.88,0.044,-0.013,-0.03,0.03,,,,,,,,,,,
64.93,0.027,-0.013,-0.03,0.02,,,,,,,,,,,
64.98,0.009,0.004,-0.02,0.01,,,,,,,,,,,
65.03,0.009,0.004,-0.01,0,,,,,,,,,,,
65.08,-0.008,0.004,0,-0.01,,,,,,,,,,,
65.13,-0.025,0.022,0.01,-0.02,,,,,,,,,,,
65.18,-0.043,0.022,0.02,-0.03,,,,,,,,,,,
65.23,-0.043,0.022,0.03,-0.04,,,,,,,,,,,
65.28,-0.043,0.022,0.04,-0.04,,,,,,,,,,,
65.33,-0.043,0.022,0.04,-0.04,,,,,,,,,,,
65.38,-0.043,0.022,0.04,-0.04,,,,,,,,,,,
65.43,-0.043,0.022,0.03,-0.04,,,,,,,,,,,
65.48,-0.025,0.004,0.03,-0.03,,,,,,,,,,,
65.53,-0.025,0.004,0.02,-0.03,,,,,,,,,,,
65.58,-0.008,0.004,0.01,-0.02,,,,,,,,,,,
65.63,0.009,-0.013,0,-0.01,,,,,,,,,,,
65.68,0.009,-0.013,-0.01,0,,,,,,,,,,,
65.73,0.027,-0.013,-0.02,0.01,,,,,,,,,,,
65.78,0.044,-0.031,-0.03,0.02,,,,,,,,,,,
65.83,0.044,-0.031,-0.04,0.03,,,,,,,,,,,
65.88,0.044,-0.031,-0.04,0.04,,,,,,,,,,,
65.93,0.044,-0.031,-0.04,0.04,,,,,,,,,,,
65.98,0.044,-0.013,-0.04,0.04,,,,,,,,,,,
66.03,0.044,-0.013,-0.04,0.03,,,,,,,,,,,
66.08,0.027,-0.013,-0.03,0.03,,,,,,,,,,,
66.13,0.009,0.004,-0.03,0.02,,,,,,,,,,,
66.18,0.009,0.004,-0.02,0.01,,,,,,,,,,,
66.23,-0.008,0.004,-0.01,0,,,,,,,,,,,
66.28,-0.025,0.022,0,-0.01,,,,,,,,,,,
66.33,-0.025,0.022,0.01,-0.02,,,,,,,,,,,
66.38,-0.043,0.022,0.02,-0.03,,,,,,,,,,,
66.43,-0.043,0.022,0.03,-0.04,,,,,,,,,,,
66.48,-0.043,0.022,0.04,-0.04,,,,,,,,,,,
66.53,-0.043,0.022,0.04,-0.04,,,,,,,,,,,
66.58,-0.043,0.022,0.04,-0.04,,,,,,,,,,,
66.63,-0.043,0.004,0.03,-0.04,,,,,,,,,,,
66.68,-0.025,0.004,0.03,-0.03,,,,,,,,,,,
66.73,-0.008,0.004,0.02,-0.03,,,,,,,,,,,
66.78,0.009,-0.013,0.01,-0.02,,,,,,,,,,,
66.83,0.009,-0.013,0,-0.01,,,,,,,,,,,
66.88,0.027,-0.013,-0.01,0,,,,,,,,,,,
66.93,0.044,-0.031,-0.02,0.01,,,,,,,,,,,
66.98,0.044,-0.031,-0.03,0.02,,,,,,,,,,,
67.03,0.044,-0.031,-0.04,0.03,,,,,,,,,,,
67.08,0.044,-0.031,-0.04,0.04,,,,,,,,,,,
67.13,0.044,-0.013,-0.04,0.04,,,,,,,,,,,
67.18,0.044,-0.013,-0.04,0.04,,,,,,,,,,,
67.23,0.027,-0.013,-0.04,0.03,,,,,,,,,,,
67.28,0.009,0.004,-0.03,0.03,,,,,,,,,,,
67.33,0.009,0.004,-0.03,0.02,,,,,,,,,,,
67.38,-0.008,0.004,-0.02,0.01,,,,,,,,,,,
67.43,-0.025,0.022,-0.01,0,,,,,,,,,,,
67.48,-0.025,0.022,0,-0.01,,,,,,,,,,,
67.53,-0.043,0.022,0.01,-0.02,,,,,,,,,,,
67.58,-0.043,0.022,0.02,-0.03,,,,,,,,,,,
67.63,-0.043,0.022,0.03,-0.04,,,,,,,,,,,
67.68,-0.043,0.022,0.04,-0.04,,,,,,,,,,,
67.73,-0.043,0.022,0.04,-0.04,,,,,,,,,,,
67.78,-0.043,0.004,0.04,-0.04,,,,,,,,,,,
67.83,-0.025,0.004,0.03,-0.04,,,,,,,,,,,
67.88,-0.008,0.004,0.03,-0.03,,,,,,,,,,,
67.93,-0.008,-0.013,0.02,-0.03,,,,,,,,,,,
67.98,0.009,-0.013,0.01,-0.02,,,,,,,,,,,
68.03,0.027,-0.013,0,-0.01,,,,,,,,,,,
68.08,0.027,-0.031,-0.01,0,,,,,,,,,,,
68.13,0.044,-0.031,-0.02,0.01,,,,,,,,,,,
68.18,0.044,-0.031,-0.03,0.02,,,,,,,,,,,
68.23,0.044,-0.031,-0.04,0.03,,,,,,,,,,,
68.28,0.044,-0.013,-0.04,0.04,,,,,,,,,,,
68.33,0.044,-0.013,-0.04,0.04,,,,,,,,,,,
68.38,0.027,-0.013,-0.04,0.04,,,,,,,,,,,
68.43,0.027,0.004,-0.04,0.03,,,,,,,,,,,
68.48,0.009,0.004,-0.03,0.03,,,,,,,,,,,
68.53,-0.008,0.004,-0.03,0.02,,,,,,,,,,,
68.58,-0.025,0.022,-0.02,0.01,,,,,,,,,,,
68.63,-0.025,0.022,-0.01,0,,,,,,,,,,,
68.68,-0.043,0.022,0,-0.01,,,,,,,,,,,
68.73,-0.043,0.022,0.01,-0.02,,,,,,,,,,,
68.78,-0.043,0.022,0.02,-0.03,,,,,,,,,,,
68.83,-0.043,0.022,0.03,-0.04,,,,,,,,,,,
68.88,-0.043,0.022,0.04,-0.04,,,,,,,,,,,
68.93,-0.043,0.022,0.04,-0.04,,,,,,,,,,,
68.98,-0.025,0.004,0.04,-0.04,,,,,,,,,,,
69.03,-0.008,0.004,0.03,-0.04,,,,,,,,,,,
69.08,-0.008,-0.013,0.03,-0.03,,,,,,,,,,,
69.13,0.009,-0.013,0.02,-0.03,,,,,,,,,,,
69.18,0.027,-0.013,0.01,-0.02,,,,,,,,,,,
69.23,0.027,-0.031,0,-0.01,,,,,,,,,,,
69.28,0.044,-0.031,-0.01,0.01,,,,,,,,,,,
69.33,0.044,-0.031,-0.02,0.02,,,,,,,,,,,
69.38,0.044,-0.031,-0.03,0.02,,,,,,,,,,,
69.43,0.044,-0.013,-0.04,0.03,,,,,,,,,,,
69.48,0.044,-0.013,-0.04,0.04,,,,,,,,,,,
69.53,0.027,-0.013,-0.04,0.04,,,,,,,,,,,
69.58,0.027,0.004,-0.04,0.04,,,,,,,,,,,
69.63,0.009,0.004,-0.04,0.03,,,,,,,,,,,
69.68,-0.008,0.004,-0.03,0.03,,,,,,,,,,,
69.73,-0.008,0.022,-0.03,0.02,,,,,,,,,,,
69.78,-0.025,0.022,-0.02,0.01,,,,,,,,,,,
69.83,-0.043,0.022,-0.01,0,,,,,,,,,,,
69.88,-0.043,0.022,0.01,-0.01,,,,,,,,,,,
69.93,-0.043,0.022,0.02,-0.02,,,,,,,,,,,
69.98,-0.043,0.022,0.02,-0.03,,,,,,,,,,,
70.03,-0.043,0.022,0.03,-0.04,,,,,,,,,,,
70.08,-0.043,0.022,0.04,-0.04,,,,,,,,,,,
70.13,-0.025,0.004,0.04,-0.04,,,,,,,,,,,
70.18,-0.008,0.004,0.04,-0.04,,,,,,,,,,,
70.23,-0.008,-0.013,0.03,-0.04,,,,,,,,,,,
70.28,0.009,-0.013,0.03,-0.03,,,,,,,,,,,
70.33,0.027,-0.013,0.02,-0.03,,,,,,,,,,,
70.38,0.027,-0.031,0.01,-0.02,,,,,,,,,,,
70.43,0.044,-0.031,0,-0.01,,,,,,,,,,,
70.48,0.044,-0.031,-0.01,0.01,,,,,,,,,,,
70.53,0.044,-0.031,-0.02,0.02,,,,,,,,,,,
70.58,0.044,-0.013,-0.03,0.02,,,,,,,,,,,
70.63,0.044,-0.013,-0.04,0.03,,,,,,,,,,,
70.68,0.027,-0.013,-0.04,0.04,,,,,,,,,,,
70.73,0.027,0.004,-0.04,0.04,,,,,,,,,,,
70.78,0.009,0.004,-0.04,0.04,,,,,,,,,,,
70.83,-0.008,0.004,-0.04,0.03,,,,,,,,,,,
70.88,-0.008,0.022,-0.03,0.03,,,,,,,,,,,
70.93,-0.025,0.022,-0.03,0.02,,,,,,,,,,,
70.98,-0.043,0.022,-0.02,0.01,,,,,,,,,,,
71.03,-0.043,0.022,-0.01,0,,,,,,,,,,,
71.08,-0.043,0.022,0.01,-0.01,,,,,,,,,,,
71.13,-0.043,0.022,0.02,-0.02,,,,,,,,,,,
71.18,-0.043,0.022,0.02,-0.03,,,,,,,,,,,
71.23,-0.043,0.022,0.03,-0.04,,,,,,,,,,,
71.28,-0.025,0.004,0.04,-0.04,,,,,,,,,,,
71.33,-0.025,0.004,0.04,-0.04,,,,,,,,,,,
71.38,-0.008,-0.013,0.04,-0.04,,,,,,,,,,,
71.43,0.009,-0.013,0.03,-0.04,,,,,,,,,,,
71.48,0.027,-0.013,0.03,-0.03,,,,,,,,,,,
71.53,0.027,-0.031,0.02,-0.02,,,,,,,,,,,
71.58,0.044,-0.031,0.01,-0.02,,,,,,,,,,,
71.63,0.044,-0.031,0,-0.01,,,,,,,,,,,
71.68,0.044,-0.031,-0.01,0.01,,,,,,,,,,,
71.73,0.044,-0.013,-0.02,0.02,,,,,,,,,,,
71.78,0.044,-0.013,-0.03,0.02,,,,,,,,,,,
71.83,0.027,-0.013,-0.04,0.03,,,,,,,,,,,
71.88,0.027,0.004,-0.04,0.04,,,,,,,,,,,
71.93,0.009,0.004,-0.04,0.04,,,,,,,,,,,
71.98,-0.008,0.004,-0.04,0.04,,,,,,,,,,,
72.03,-0.008,0.022,-0.04,0.03,,,,,,,,,,,
72.08,-0.025,0.022,-0.03,0.03,,,,,,,,,,,
72.13,-0.025,0.022,-0.02,0.02,,,,,,,,,,,
72.18,-0.043,0.022,-0.02,0.01,,,,,,,,,,,
72.23,-0.043,0.022,0,0,,,,,,,,,,,
72.28,-0.043,0.022,0.01,-0.01,,,,,,,,,,,
72.33,-0.043,0.022,0.02,-0.02,,,,,,,,,,,
72.38,-0.043,0.022,0.02,-0.03,,,,,,,,,,,
72.43,-0.025,0.004,0.03,-0.04,,,,,,,,,,,
72.48,-0.025,0.004,0.04,-0.04,,,,,,,,,,,
72.53,-0.008,-0.013,0.04,-0.04,,,,,,,,,,,
72.58,0.009,-0.013,0.04,-0.04,,,,,,,,,,,
72.63,0.009,-0.013,0.03,-0.04,,,,,,,,,,,
72.68,0.027,-0.013,0.03,-0.03,,,,,,,,,,,
72.73,0.044,-0.031,0.02,-0.02,,,,,,,,,,,
72.78,0.044,-0.031,0.01,-0.02,,,,,,,,,,,
72.83,0.044,-0.031,0,0,,,,,,,,,,,
72.88,0.044,-0.013,-0.01,0.01,,,,,,,,,,,
72.93,0.044,-0.013,-0.02,0.02,,,,,,,,,,,
72.98,0.027,-0.013,-0.03,0.02,,,,,,,,,,,
73.03,0.027,0.004,-0.04,0.03,,,,,,,,,,,
73.08,0.009,0.004,-0.04,0.04,,,,,,,,,,,
73.13,0.009,0.004,-0.04,0.04,,,,,,,,,,,
73.18,-0.008,0.022,-0.04,0.04,,,,,,,,,,,
73.23,-0.025,0.022,-0.04,0.03,,,,,,,,,,,
73.28,-0.025,0.022,-0.03,0.03,,,,,,,,,,,
73.33,-0.043,0.022,-0.02,0.02,,,,,,,,,,,
73.38,-0.043,0.022,-0.01,0.01,,,,,,,,,,,
73.43,-0.043,0.022,0,0,,,,,,,,,,,
73.48,-0.043,0.022,0.01,-0.01,,,,,,,,,,,
73.53,-0.043,0.022,0.02,-0.02,,,,,,,,,,,
73.58,-0.025,0.004,0.03,-0.03,,,,,,,,,,,
73.63,-0.025,0.004,0.03,-0.04,,,,,,,,,,,
73.68,-0.008,-0.013,0.04,-0.04,,,,,,,,,,,
73.73,0.009,-0.013,0.04,-0.04,,,,,,,,,,,
73.78,0.009,-0.013,0.04,-0.04,,,,,,,,,,,
73.83,0.027,-0.013,0.03,-0.04,,,,,,,,,,,
73.88,0.027,-0.031,0.03,-0.03,,,,,,,,,,,
73.93,0.044,-0.031,0.02,-0.02,,,,,,,,,,,
73.98,0.044,-0.031,0.01,-0.02,,,,,,,,,,,
74.03,0.044,-0.013,0,0,,,,,,,,,,,
74.08,0.044,-0.013,-0.01,0.01,,,,,,,,,,,
74.13,0.027,-0.013,-0.02,0.02,,,,,,,,,,,
74.18,0.027,0.004,-0.03,0.02,,,,,,,,,,,
74.23,0.009,0.004,-0.04,0.03,,,,,,,,,,,
74.28,0.009,0.004,-0.04,0.04,,,,,,,,,,,
74.33,-0.008,0.022,-0.04,0.04,,,,,,,,,,,
74.38,-0.025,0.022,-0.04,0.04,,,,,,,,,,,
74.43,-0.025,0.022,-0.04,0.03,,,,,,,,,,,
74.48,-0.043,0.022,-0.03,0.03,,,,,,,,,,,
74.53,-0.043,0.022,-0.02,0.02,,,,,,,,,,,
74.58,-0.043,0.022,-0.01,0.01,,,,,,,,,,,
74.63,-0.043,0.022,0,0,,,,,,,,,,,
74.68,-0.043,0.022,0.01,-0.01,,,,,,,,,,,
74.73,-0.025,0.004,0.02,-0.02,,,,,,,,,,,
74.78,-0.025,0.004,0.03,-0.03,,,,,,,,,,,
74.83,-0.008,-0.013,0.03,-0.04,,,,,,,,,,,
74.88,0.009,-0.013,0.04,-0.04,,,,,,,,,,,
74.93,0.009,-0.013,0.04,-0.04,,,,,,,,,,,
74.98,0.027,-0.013,0.04,-0.04,,,,,,,,,,,
75.03,0.027,-0.031,0.03,-0.04,,,,,,,,,,,
75.08,0.044,-0.031,0.03,-0.03,,,,,,,,,,,
75.13,0.044,-0.031,0.02,-0.02,,,,,,,,,,,
75.18,0.044,-0.013,0.01,-0.01,,,,,,,,,,,
75.23,0.044,-0.013,0,0,,,,,,,,,,,
75.28,0.027,-0.013,-0.01,0.01,,,,,,,,,,,
75.33,0.027,-0.013,-0.02,0.02,,,,,,,,,,,
75.38,0.009,0.004,-0.03,0.03,,,,,,,,,,,
75.43,0.009,0.004,-0.04,0.03,,,,,,,,,,,
75.48,-0.008,0.022,-0.04,0.04,,,,,,,,,,,
75.53,-0.025,0.022,-0.04,0.04,,,,,,,,,,,
75.58,-0.025,0.022,-0.04,0.04,,,,,,,,,,,
75.63,-0.043,0.022,-0.04,0.03,,,,,,,,,,,
75.68,-0.043,0.022,-0.03,0.03,,,,,,,,,,,
75.73,-0.043,0.022,-0.02,0.02,,,,,,,,,,,
75.78,-0.043,0.022,-0.01,0.01,,,,,,,,,,,
75.83,-0.043,0.022,0,0,,,,,,,,,,,
75.88,-0.025,0.004,0.01,-0.01,,,,,,,,,,,
75.93,-0.025,0.004,0.02,-0.02,,,,,,,,,,,
75.98,-0.008,0.004,0.03,-0.03,,,,,,,,,,,
76.03,-0.008,-0.013,0.03,-0.04,,,,,,,,,,,
76.08,0.009,-0.013,0.04,-0.04,,,,,,,,,,,
76.13,0.027,-0.013,0.04,-0.04,,,,,,,,,,,
76.18,0.027,-0.031,0.04,-0.04,,,,,,,,,,,
76.23,0.044,-0.031,0.03,-0.04,,,,,,,,,,,
76.28,0.044,-0.031,0.03,-0.03,,,,,,,,,,,
76.33,0.044,-0.013,0.02,-0.02,,,,,,,,,,,
76.38,0.044,-0.013,0.01,-0.01,,,,,,,,,,,
76.43,0.027,-0.013,0,0,,,,,,,,,,,
76.48,0.027,-0.013,-0.01,0.01,,,,,,,,,,,
76.53,0.009,0.004,-0.02,0.02,,,,,,,,,,,
76.58,0.009,0.004,-0.03,0.03,,,,,,,,,,,
76.63,-0.008,0.022,-0.04,0.03,,,,,,,,,,,
76.68,-0.008,0.022,-0.04,0.04,,,,,,,,,,,
76.73,-0.025,0.022,-0.04,0.04,,,,,,,,,,,
76.78,-0.043,0.022,-0.04,0.04,,,,,,,,,,,
76.83,-0.043,0.022,-0.04,0.03,,,,,,,,,,,
76.88,-0.043,0.022,-0.03,0.03,,,,,,,,,,,
76.93,-0.043,0.022,-0.02,0.02,,,,,,,,,,,
76.98,-0.043,0.022,-0.01,0.01,,,,,,,,,,,
77.03,-0.025,0.004,0,0,,,,,,,,,,,
77.08,-0.025,0.004,0.01,-0.01,,,,,,,,,,,
77.13,-0.008,0.004,0.02,-0.02,,,,,,,,,,,
77.18,-0.008,-0.013,0.03,-0.03,,,,,,,,,,,
77.23,0.009,-0.013,0.03,-0.04,,,,,,,,,,,
77.28,0.027,-0.013,0.04,-0.04,,,,,,,,,,,
77.33,0.027,-0.031,0.04,-0.04,,,,,,,,,,,
77.38,0.044,-0.031,0.04,-0.04,,,,,,,,,,,
77.43,0.044,-0.031,0.03,-0.04,,,,,,,,,,,
77.48,0.044,-0.031,0.03,-0.03,,,,,,,,,,,
77.53,0.044,-0.013,0.02,-0.02,,,,,,,,,,,
77.58,0.044,-0.013,0.01,-0.01,,,,,,,,,,,
77.63,0.027,-0.013,0,0,,,,,,,,,,,
77.68,0.027,0.004,-0.01,0.01,,,,,,,,,,,
77.73,0.009,0.004,-0.02,0.02,,,,,,,,,,,
77.78,-0.008,0.022,-0.03,0.03,,,,,,,,,,,
77.83,-0.008,0.022,-0.04,0.03,,,,,,,,,,,
77.88,-0.025,0.022,-0.04,0.04,,,,,,,,,,,
77.93,-0.025,0.022,-0.04,0.04,,,,,,,,,,,
77.98,-0.043,0.022,-0.04,0.04,,,,,,,,,,,
78.03,-0.043,0.022,-0.04,0.03,,,,,,,,,,,
78.08,-0.043,0.022,-0.03,0.03,,,,,,,,,,,
78.13,-0.043,0.022,-0.02,0.02,,,,,,,,,,,
78.18,-0.025,0.004,-0.01,0.01,,,,,,,,,,,
78.23,-0.025,0.004,0,0,,,,,,,,,,,
78.28,-0.008,0.004,0.01,-0.01,,,,,,,,,,,
78.33,-0.008,-0.013,0.02,-0.02,,,,,,,,,,,
78.38,0.009,-0.013,0.03,-0.03,,,,,,,,,,,
78.43,0.027,-0.013,0.03,-0.04,,,,,,,,,,,
78.48,0.027,-0.031,0.04,-0.04,,,,,,,,,,,
78.53,0.027,-0.031,0.04,-0.04,,,,,,,,,,,
78.58,0.044,-0.031,0.04,-0.04,,,,,,,,,,,
78.63,0.044,-0.031,0.03,-0.04,,,,,,,,,,,
78.68,0.044,-0.013,0.03,-0.03,,,,,,,,,,,
78.73,0.044,-0.013,0.02,-0.02,,,,,,,,,,,
78.78,0.027,-0.013,0.01,-0.01,,,,,,,,,,,
78.83,0.027,0.004,0,0,,,,,,,,,,,
78.88,0.009,0.004,-0.01,0.01,,,,,,,,,,,
78.93,-0.008,0.022,-0.02,0.02,,,,,,,,,,,
78.98,-0.008,0.022,-0.03,0.03,,,,,,,,,,,
79.03,-0.025,0.022,-0.04,0.03,,,,,,,,,,,
79.08,-0.025,0.022,-0.04,0.04,,,,,,,,,,,
79.13,-0.043,0.022,-0.04,0.04,,,,,,,,,,,
79.18,-0.043,0.022,-0.04,0.04,,,,,,,,,,,
79.23,-0.043,0.022,-0.04,0.03,,,,,,,,,,,
79.28,-0.043,0.022,-0.03,0.03,,,,,,,,,,,
79.33,-0.025,0.004,-0.02,0.02,,,,,,,,,,,
79.38,-0.025,0.004,-0.01,0.01,,,,,,,,,,,
79.43,-0.008,0.004,0,0,,,,,,,,,,,
79.48,-0.008,-0.013,0.01,-0.01,,,,,,,,,,,
79.53,0.009,-0.013,0.02,-0.02,,,,,,,,,,,
79.58,0.009,-0.013,0.03,-0.03,,,,,,,,,,,
79.63,0.027,-0.031,0.03,-0.04,,,,,,,,,,,
79.68,0.027,-0.031,0.04,-0.04,,,,,,,,,,,
79.73,0.044,-0.031,0.04,-0.04,,,,,,,,,,,
79.78,0.044,-0.031,0.04,-0.04,,,,,,,,,,,
79.83,0.044,-0.013,0.03,-0.04,,,,,,,,,,,
79.88,0.044,-0.013,0.03,-0.03,,,,,,,,,,,
79.93,0.027,-0.013,0.02,-0.02,,,,,,,,,,,
79.98,0.027,0.004,0.01,-0.01,,,,,,,,,,,
80.03,0.009,0.004,0,0,,,,,,,,,,,
80.08,-0.008,0.022,-0.01,0.01,,,,,,,,,,,
80.13,-0.008,0.022,-0.02,0.02,,,,,,,,,,,
80.18,-0.025,0.022,-0.03,0.03,,,,,,,,,,,
80.23,-0.025,0.022,-0.04,0.03,,,,,,,,,,,
80.28,-0.043,0.022,-0.04,0.04,,,,,,,,,,,
80.33,-0.043,0.022,-0.04,0.04,,,,,,,,,,,
80.38,-0.043,0.022,-0.04,0.04,,,,,,,,,,,
80.43,-0.043,0.022,-0.04,0.03,,,,,,,,,,,
80.48,-0.025,0.004,-0.03,0.03,,,,,,,,,,,
80.53,-0.025,0.004,-0.02,0.02,,,,,,,,,,,
80.58,-0.008,0.004,-0.01,0.01,,,,,,,,,,,
80.63,-0.008,-0.013,0,0,,,,,,,,,,,
80.68,0.009,-0.013,0.01,-0.01,,,,,,,,,,,
80.73,0.009,-0.013,0.02,-0.02,,,,,,,,,,,
80.78,0.027,-0.031,0.03,-0.03,,,,,,,,,,,
80.83,0.027,-0.031,0.03,-0.04,,,,,,,,,,,
80.88,0.044,-0.031,0.04,-0.04,,,,,,,,,,,
80.93,0.044,-0.031,0.04,-0.04,,,,,,,,,,,
80.98,0.044,-0.013,0.04,-0.04,,,,,,,,,,,
81.03,0.044,-0.013,0.03,-0.04,,,,,,,,,,,
81.08,0.027,-0.013,0.03,-0.03,,,,,,,,,,,
81.13,0.027,0.004,0.02,-0.02,,,,,,,,,,,
81.18,0.009,0.004,0.01,-0.01,,,,,,,,,,,
81.23,0.009,0.022,0,0,,,,,,,,,,,
81.28,-0.008,0.022,-0.01,0.01,,,,,,,,,,,
81.33,-0.025,0.022,-0.02,0.02,,,,,,,,,,,
81.38,-0.025,0.022,-0.03,0.03,,,,,,,,,,,
81.43,-0.043,0.022,-0.04,0.03,,,,,,,,,,,
81.48,-0.043,0.022,-0.04,0.04,,,,,,,,,,,
81.53,-0.043,0.022,-0.04,0.04,,,,,,,,,,,
81.58,-0.043,0.022,-0.04,0.04,,,,,,,,,,,
81.63,-0.025,0.004,-0.04,0.03,,,,,,,,,,,
81.68,-0.025,0.004,-0.03,0.03,,,,,,,,,,,
81.73,-0.025,0.004,-0.02,0.02,,,,,,,,,,,
81.78,-0.008,-0.013,-0.01,0.01,,,,,,,,,,,
81.83,0.009,-0.013,0,0,,,,,,,,,,,
81.88,0.009,-0.013,0.01,-0.01,,,,,,,,,,,
81.93,0.027,-0.031,0.02,-0.02,,,,,,,,,,,
81.98,0.027,-0.031,0.03,-0.03,,,,,,,,,,,
82.03,0.044,-0.031,0.03,-0.04,,,,,,,,,,,
82.08,0.044,-0.031,0.04,-0.04,,,,,,,,,,,
82.13,0.044,-0.013,0.04,-0.04,,,,,,,,,,,
82.18,0.044,-0.013,0.04,-0.04,,,,,,,,,,,
82.23,0.027,-0.013,0.03,-0.04,,,,,,,,,,,
82.28,0.027,0.004,0.03,-0.03,,,,,,,,,,,
82.33,0.009,0.004,0.02,-0.02,,,,,,,,,,,
82.38,0.009,0.004,0.01,-0.01,,,,,,,,,,,
82.43,-0.008,0.022,0,0,,,,,,,,,,,
82.48,-0.025,0.022,-0.01,0.01,,,,,,,,,,,
82.53,-0.025,0.022,-0.02,0.02,,,,,,,,,,,
82.58,-0.025,0.022,-0.03,0.03,,,,,,,,,,,
82.63,-0.043,0.022,-0.04,0.03,,,,,,,,,,,
82.68,-0.043,0.022,-0.04,0.04,,,,,,,,,,,
82.73,-0.043,0.022,-0.04,0.04,,,,,,,,,,,
82.78,-0.025,0.004,-0.04,0.04,,,,,,,,,,,
82.83,-0.025,0.004,-0.04,0.03,,,,,,,,,,,
82.88,-0.025,0.004,-0.03,0.03,,,,,,,,,,,
82.93,-0.008,-0.013,-0.02,0.02,,,,,,,,,,,
82.98,0.009,-0.013,-0.01,0.01,,,,,,,,,,,
83.03,0.009,-0.013,0,0,,,,,,,,,,,
83.08,0.027,-0.031,0.01,-0.01,,,,,,,,,,,
83.13,0.027,-0.031,0.02,-0.02,,,,,,,,,,,
83.18,0.027,-0.031,0.03,-0.03,,,,,,,,,,,
83.23,0.044,-0.031,0.03,-0.04,,,,,,,,,,,
83.28,0.044,-0.013,0.04,-0.04,,,,,,,,,,,
83.33,0.044,-0.013,0.04,-0.04,,,,,,,,,,,
83.38,0.027,-0.013,0.04,-0.04,,,,,,,,,,,
83.43,0.027,0.004,0.03,-0.04,,,,,,,,,,,
83.48,0.009,0.004,0.03,-0.03,,,,,,,,,,,
83.53,0.009,0.004,0.02,-0.02,,,,,,,,,,,
83.58,-0.008,0.022,0.01,-0.01,,,,,,,,,,,
83.63,-0.008,0.022,0,0,,,,,,,,,,,
83.68,-0.025,0.022,-0.01,0.01,,,,,,,,,,,
83.73,-0.025,0.022,-0.02,0.02,,,,,,,,,,,
83.78,-0.043,0.022,-0.03,0.03,,,,,,,,,,,
83.83,-0.043,0.022,-0.04,0.03,,,,,,,,,,,
83.88,-0.043,0.022,-0.04,0.04,,,,,,,,,,,
83.93,-0.025,0.022,-0.04,0.04,,,,,,,,,,,
83.98,-0.025,0.004,-0.04,0.04,,,,,,,,,,,
84.04,-0.025,0.004,-0.04,0.03,,,,,,,,,,,
84.09,-0.008,-0.013,-0.03,0.03,,,,,,,,,,,
84.14,0.009,-0.013,-0.02,0.02,,,,,,,,,,,
84.19,0.009,-0.013,-0.01,0.01,,,,,,,,,,,
84.24,0.027,-0.031,0,0,,,,,,,,,,,
84.29,0.027,-0.031,0.01,-0.01,,,,,,,,,,,
84.34,0.027,-0.031,0.02,-0.02,,,,,,,,,,,
84.39,0.044,-0.031,0.03,-0.03,,,,,,,,,,,
84.44,0.044,-0.013,0.03,-0.04,,,,,,,,,,,
84.49,0.044,-0.013,0.04,-0.04,,,,,,,,,,,
84.54,0.027,-0.013,0.04,-0.04,,,,,,,,,,,
84.59,0.027,0.004,0.04,-0.04,,,,,,,,,,,
84.64,0.009,0.004,0.03,-0.04,,,,,,,,,,,
84.69,0.009,0.004,0.03,-0.03,,,,,,,,,,,
84.74,-0.008,0.022,0.02,-0.02,,,,,,,,,,,
84.79,-0.008,0.022,0.01,-0.01,,,,,,,,,,,
84.84,-0.025,0.022,0,0,,,,,,,,,,,
84.89,-0.025,0.022,-0.01,0.01,,,,,,,,,,,
84.94,-0.043,0.022,-0.02,0.02,,,,,,,,,,,
84.99,-0.043,0.022,-0.03,0.03,,,,,,,,,,,
85.04,-0.043,0.022,-0.04,0.03,,,,,,,,,,,
85.09,-0.025,0.022,-0.04,0.04,,,,,,,,,,,
85.14,-0.025,0.004,-0.04,0.04,,,,,,,,,,,
85.19,-0.025,0.004,-0.04,0.04,,,,,,,,,,,
85.24,-0.008,-0.013,-0.04,0.03,,,,,,,,,,,
85.29,-0.008,-0.013,-0.03,0.03,,,,,,,,,,,
85.34,0.009,-0.013,-0.02,0.02,,,,,,,,,,,
85.39,0.027,-0.031,-0.01,0.01,,,,,,,,,,,
85.44,0.027,-0.031,0,0,,,,,,,,,,,
85.49,0.027,-0.031,0.01,-0.01,,,,,,,,,,,
85.54,0.044,-0.031,0.02,-0.02,,,,,,,,,,,
85.59,0.044,-0.013,0.03,-0.03,,,,,,,,,,,
85.64,0.044,-0.013,0.03,-0.04,,,,,,,,,,,
85.69,0.027,-0.013,0.04,-0.04,,,,,,,,,,,
85.74,0.027,0.004,0.04,-0.04,,,,,,,,,,,
85.79,0.009,0.004,0.04,-0.04,,,,,,,,,,,
85.84,0.009,0.004,0.03,-0.04,,,,,,,,,,,
85.89,-0.008,0.022,0.03,-0.03,,,,,,,,,,,
85.94,-0.008,0.022,0.02,-0.02,,,,,,,,,,,
85.99,-0.025,0.022,0.01,-0.01,,,,,,,,,,,
86.04,-0.025,0.022,0,0,,,,,,,,,,,
86.09,-0.043,0.022,-0.01,0.01,,,,,,,,,,,
86.14,-0.043,0.022,-0.02,0.02,,,,,,,,,,,
86.19,-0.043,0.022,-0.03,0.03,,,,,,,,,,,
86.24,-0.025,0.022,-0.04,0.03,,,,,,,,,,,
86.29,-0.025,0.004,-0.04,0.04,,,,,,,,,,,
86.34,-0.025,0.004,-0.04,0.04,,,,,,,,,,,
86.39,-0.008,-0.013,-0.04,0.04,,,,,,,,,,,
86.44,-0.008,-0.013,-0.04,0.03,,,,,,,,,,,
86.49,0.009,-0.013,-0.03,0.03,,,,,,,,,,,
86.54,0.009,-0.031,-0.02,0.02,,,,,,,,,,,
86.59,0.027,-0.031,-0.01,0.01,,,,,,,,,,,
86.64,0.027,-0.031,0,0,,,,,,,,,,,
86.69,0.027,-0.031,0.01,-0.01,,,,,,,,,,,
86.74,0.044,-0.013,0.02,-0.02,,,,,,,,,,,
86.79,0.027,-0.013,0.03,-0.03,,,,,,,,,,,
86.84,0.027,-0.013,0.03,-0.04,,,,,,,,,,,
86.89,0.027,0.004,0.04,-0.04,,,,,,,,,,,
86.94,0.009,0.004,0.04,-0.04,,,,,,,,,,,
86.99,0.009,0.004,0.04,-0.04,,,,,,,,,,,
87.04,-0.008,0.022,0.03,-0.04,,,,,,,,,,,
87.09,-0.008,0.022,0.02,-0.03,,,,,,,,,,,
87.14,-0.025,0.022,0.02,-0.02,,,,,,,,,,,
87.19,-0.025,0.022,0.01,-0.01,,,,,,,,,,,
87.24,-0.025,0.022,0,0,,,,,,,,,,,
87.29,-0.043,0.022,-0.01,0.01,,,,,,,,,,,
87.34,-0.043,0.022,-0.02,0.02,,,,,,,,,,,
87.39,-0.025,0.022,-0.03,0.03,,,,,,,,,,,
87.44,-0.025,0.004,-0.04,0.03,,,,,,,,,,,
87.49,-0.025,0.004,-0.04,0.04,,,,,,,,,,,
87.54,-0.008,-0.013,-0.04,0.04,,,,,,,,,,,
87.59,-0.008,-0.013,-0.04,0.04,,,,,,,,,,,
87.64,0.009,-0.013,-0.04,0.03,,,,,,,,,,,
87.69,0.009,-0.031,-0.03,0.03,,,,,,,,,,,
87.74,0.027,-0.031,-0.02,0.02,,,,,,,,,,,
87.79,0.027,-0.031,-0.01,0.01,,,,,,,,,,,
87.84,0.027,-0.031,0,0,,,,,,,,,,,
87.89,0.044,-0.031,0.01,-0.01,,,,,,,,,,,
87.94,0.027,-0.013,0.02,-0.02,,,,,,,,,,,
87.99,0.027,-0.013,0.03,-0.03,,,,,,,,,,,
88.04,0.027,-0.013,0.03,-0.04,,,,,,,,,,,
88.09,0.009,0.004,0.04,-0.04,,,,,,,,,,,
88.14,0.009,0.004,0.04,-0.04,,,,,,,,,,,
88.19,-0.008,0.022,0.04,-0.04,,,,,,,,,,,
88.24,-0.008,0.022,0.03,-0.04,,,,,,,,,,,
88.29,-0.025,0.022,0.02,-0.03,,,,,,,,,,,
88.34,-0.025,0.022,0.02,-0.02,,,,,,,,,,,
88.39,-0.025,0.022,0.01,-0.01,,,,,,,,,,,
88.44,-0.043,0.022,0,0,,,,,,,,,,,
88.49,-0.043,0.022,-0.02,0.01,,,,,,,,,,,
88.54,-0.025,0.022,-0.02,0.02,,,,,,,,,,,
88.59,-0.025,0.004,-0.03,0.03,,,,,,,,,,,
88.64,-0.025,0.004,-0.04,0.03,,,,,,,,,,,
88.69,-0.008,0.004,-0.04,0.04,,,,,,,,,,,
88.74,-0.008,-0.013,-0.04,0.04,,,,,,,,,,,
88.79,0.009,-0.013,-0.04,0.04,,,,,,,,,,,
88.84,0.009,-0.013,-0.04,0.03,,,,,,,,,,,
88.89,0.027,-0.031,-0.03,0.02,,,,,,,,,,,
88.94,0.027,-0.031,-0.02,0.02,,,,,,,,,,,
88.99,0.027,-0.031,-0.01,0.01,,,,,,,,,,,
89.04,0.027,-0.031,0,0,,,,,,,,,,,
89.09,0.027,-0.013,0.01,-0.02,,,,,,,,,,,
89.14,0.027,-0.013,0.02,-0.02,,,,,,,,,,,
89.19,0.027,-0.013,0.03,-0.03,,,,,,,,,,,
89.24,0.027,0.004,0.03,-0.04,,,,,,,,,,,
89.29,0.009,0.004,0.04,-0.04,,,,,,,,,,,
89.34,-0.008,0.022,0.04,-0.04,,,,,,,,,,,
89.39,-0.008,0.022,0.04,-0.04,,,,,,,,,,,
89.44,-0.025,0.022,0.03,-0.04,,,,,,,,,,,
89.49,-0.025,0.022,0.02,-0.03,,,,,,,,,,,
89.54,-0.025,0.022,0.02,-0.02,,,,,,,,,,,
89.59,-0.025,0.022,0.01,-0.01,,,,,,,,,,,
89.64,-0.043,0.022,-0.01,0,,,,,,,,,,,
89.69,-0.025,0.022,-0.02,0.01,,,,,,,,,,,
89.74,-0.025,0.004,-0.02,0.02,,,,,,,,,,,
89.79,-0.025,0.004,-0.03,0.03,,,,,,,,,,,
89.84,-0.008,0.004,-0.04,0.03,,,,,,,,,,,
89.89,-0.008,-0.013,-0.04,0.04,,,,,,,,,,,
89.94,0.009,-0.013,-0.04,0.04,,,,,,,,,,,
89.99,0.009,-0.013,-0.04,0.04,,,,,,,,,,,
90.04,0.027,-0.031,-0.04,0.03,,,,,,,,,,,
90.09,0.027,-0.031,-0.03,0.02,,,,,,,,,,,
90.14,0.027,-0.031,-0.02,0.02,,,,,,,,,,,
90.19,0.027,-0.031,-0.01,0.01,,,,,,,,,,,
90.24,0.027,-0.013,0,0,,,,,,,,,,,
90.29,0.027,-0.013,0.01,-0.02,,,,,,,,,,,
90.34,0.027,-0.013,0.02,-0.03,,,,,,,,,,,
90.39,0.027,0.004,0.03,-0.03,,,,,,,,,,,
90.44,0.009,0.004,0.03,-0.04,,,,,,,,,,,
90.49,0.009,0.022,0.04,-0.04,,,,,,,,,,,
90.54,-0.008,0.022,0.04,-0.04,,,,,,,,,,,
90.59,-0.025,0.022,0.04,-0.04,,,,,,,,,,,
90.64,-0.025,0.022,0.03,-0.04,,,,,,,,,,,
90.69,-0.025,0.022,0.02,-0.03,,,,,,,,,,,
90.74,-0.025,0.022,0.02,-0.02,,,,,,,,,,,
90.79,-0.043,0.022,0.01,-0.01,,,,,,,,,,,
90.84,-0.025,0.022,-0.01,0,,,,,,,,,,,
90.89,-0.025,0.004,-0.02,0.01,,,,,,,,,,,
90.94,-0.025,0.004,-0.03,0.02,,,,,,,,,,,
90.99,-0.008,0.004,-0.03,0.03,,,,,,,,,,,
91.04,-0.008,-0.013,-0.04,0.03,,,,,,,,,,,
91.09,0.009,-0.013,-0.04,0.04,,,,,,,,,,,
91.14,0.009,-0.013,-0.04,0.04,,,,,,,,,,,
91.19,0.027,-0.031,-0.04,0.04,,,,,,,,,,,
91.24,0.027,-0.031,-0.04,0.03,,,,,,,,,,,
91.29,0.027,-0.031,-0.03,0.02,,,,,,,,,,,
91.34,0.027,-0.031,-0.02,0.02,,,,,,,,,,,
91.39,0.027,-0.013,-0.01,0.01,,,,,,,,,,,
91.44,0.027,-0.013,0,-0.01,,,,,,,,,,,
91.49,0.027,-0.013,0.01,-0.02,,,,,,,,,,,
91.54,0.027,0.004,0.02,-0.03,,,,,,,,,,,
91.59,0.009,0.004,0.03,-0.03,,,,,,,,,,,
91.64,0.009,0.022,0.03,-0.04,,,,,,,,,,,
91.69,-0.008,0.022,0.04,-0.04,,,,,,,,,,,
91.74,-0.008,0.022,0.04,-0.04,,,,,,,,,,,
91.79,-0.025,0.022,0.04,-0.04,,,,,,,,,,,
91.84,-0.025,0.022,0.03,-0.04,,,,,,,,,,,
91.89,-0.025,0.022,0.02,-0.03,,,,,,,,,,,
91.94,-0.025,0.022,0.02,-0.02,,,,,,,,,,,
91.99,-0.025,0.022,0.01,-0.01,,,,,,,,,,,
92.04,-0.025,0.004,-0.01,0,,,,,,,,,,,
92.09,-0.025,0.004,-0.02,0.01,,,,,,,,,,,
92.14,-0.008,0.004,-0.03,0.02,,,,,,,,,,,
92.19,-0.008,-0.013,-0.03,0.03,,,,,,,,,,,
92.24,0.009,-0.013,-0.04,0.03,,,,,,,,,,,
92.29,0.009,-0.013,-0.04,0.04,,,,,,,,,,,
92.34,0.027,-0.031,-0.04,0.04,,,,,,,,,,,
92.39,0.027,-0.031,-0.04,0.04,,,,,,,,,,,
92.44,0.027,-0.031,-0.04,0.03,,,,,,,,,,,
92.49,0.027,-0.031,-0.03,0.02,,,,,,,,,,,
92.54,0.027,-0.013,-0.02,0.01,,,,,,,,,,,
92.59,0.027,-0.013,-0.01,0,,,,,,,,,,,
92.64,0.027,-0.013,0,-0.01,,,,,,,,,,,
92.69,0.027,0.004,0.01,-0.02,,,,,,,,,,,
92.74,0.009,0.004,0.02,-0.03,,,,,,,,,,,
92.79,0.009,0.004,0.03,-0.03,,,,,,,,,,,
92.84,-0.008,0.022,0.03,-0.04,,,,,,,,,,,
92.89,-0.008,0.022,0.04,-0.04,,,,,,,,,,,
92.94,-0.025,0.022,0.04,-0.04,,,,,,,,,,,
92.99,-0.025,0.022,0.04,-0.04,,,,,,,,,,,
93.04,-0.025,0.022,0.03,-0.04,,,,,,,,,,,
93.09,-0.025,0.022,0.02,-0.03,,,,,,,,,,,
93.14,-0.025,0.022,0.01,-0.02,,,,,,,,,,,
93.19,-0.025,0.004,0,-0.01,,,,,,,,,,,
93.24,-0.025,0.004,-0.01,0,,,,,,,,,,,
93.29,-0.008,0.004,-0.02,0.01,,,,,,,,,,,
93.34,-0.008,-0.013,-0.03,0.02,,,,,,,,,,,
93.39,0.009,-0.013,-0.03,0.03,,,,,,,,,,,
93.44,0.009,-0.013,-0.04,0.03,,,,,,,,,,,
93.49,0.009,-0.031,-0.04,0.04,,,,,,,,,,,
93.54,0.027,-0.031,-0.04,0.04,,,,,,,,,,,
93.59,0.027,-0.031,-0.04,0.04,,,,,,,,,,,
93.64,0.027,-0.031,-0.04,0.03,,,,,,,,,,,
93.69,0.027,-0.013,-0.03,0.02,,,,,,,,,,,
93.74,0.027,-0.013,-0.02,0.01,,,,,,,,,,,
93.79,0.027,-0.013,-0.01,0,,,,,,,,,,,
93.84,0.027,0.004,0,-0.01,,,,,,,,,,,
93.89,0.009,0.004,0.01,-0.02,,,,,,,,,,,
93.94,0.009,0.004,0.02,-0.03,,,,,,,,,,,
93.99,-0.008,0.022,0.03,-0.03,,,,,,,,,,,
94.04,-0.008,0.022,0.03,-0.04,,,,,,,,,,,
94.09,-0.025,0.022,0.04,-0.04,,,,,,,,,,,
94.14,-0.025,0.022,0.04,-0.04,,,,,,,,,,,
94.19,-0.025,0.022,0.04,-0.04,,,,,,,,,,,
94.24,-0.025,0.022,0.03,-0.04,,,,,,,,,,,
94.29,-0.025,0.022,0.02,-0.03,,,,,,,,,,,
94.34,-0.025,0.022,0.01,-0.02,,,,,,,,,,,
94.39,-0.025,0.004,0,-0.01,,,,,,,,,,,
94.44,-0.025,0.004,-0.01,0,,,,,,,,,,,
94.49,-0.008,-0.013,-0.02,0.01,,,,,,,,,,,
94.54,-0.008,-0.013,-0.03,0.02,,,,,,,,,,,
94.59,0.009,-0.013,-0.03,0.03,,,,,,,,,,,
94.64,0.009,-0.031,-0.04,0.03,,,,,,,,,,,
94.69,0.027,-0.031,-0.04,0.04,,,,,,,,,,,
94.74,0.027,-0.031,-0.04,0.04,,,,,,,,,,,
94.79,0.027,-0.031,-0.04,0.04,,,,,,,,,,,
94.84,0.027,-0.013,-0.04,0.03,,,,,,,,,,,
94.89,0.027,-0.013,-0.03,0.02,,,,,,,,,,,
94.94,0.027,-0.013,-0.02,0.01,,,,,,,,,,,
94.99,0.027,0.004,-0.01,0,,,,,,,,,,,
95.04,0.009,0.004,0,-0.01,,,,,,,,,,,
95.09,0.009,0.004,0.01,-0.02,,,,,,,,,,,
95.14,-0.008,0.022,0.02,-0.03,,,,,,,,,,,
95.19,-0.008,0.022,0.03,-0.03,,,,,,,,,,,
95.24,-0.025,0.022,0.03,-0.04,,,,,,,,,,,
95.29,-0.025,0.022,0.04,-0.04,,,,,,,,,,,
95.34,-0.025,0.022,0.04,-0.04,,,,,,,,,,,
95.39,-0.025,0.022,0.04,-0.04,,,,,,,,,,,
95.44,-0.025,0.022,0.03,-0.04,,,,,,,,,,,
95.49,-0.025,0.022,0.02,-0.03,,,,,,,,,,,
95.54,-0.025,0.004,0.01,-0.02,,,,,,,,,,,
95.59,-0.025,0.004,0,-0.01,,,,,,,,,,,
95.64,-0.008,-0.013,-0.01,0,,,,,,,,,,,
95.69,-0.008,-0.013,-0.02,0.01,,,,,,,,,,,
95.74,0.009,-0.013,-0.03,0.02,,,,,,,,,,,
95.79,0.009,-0.031,-0.03,0.03,,,,,,,,,,,
95.84,0.027,-0.031,-0.04,0.03,,,,,,,,,,,
95.89,0.027,-0.031,-0.04,0.04,,,,,,,,,,,
95.94,0.027,-0.031,-0.04,0.04,,,,,,,,,,,
95.99,0.027,-0.013,-0.04,0.04,,,,,,,,,,,
96.04,0.027,-0.013,-0.04,0.03,,,,,,,,,,,
96.09,0.027,-0.013,-0.03,0.02,,,,,,,,,,,
96.14,0.027,0.004,-0.02,0.01,,,,,,,,,,,
96.19,0.009,0.004,-0.01,0,,,,,,,,,,,
96.24,0.009,0.004,0,-0.01,,,,,,,,,,,
96.29,-0.008,0.022,0.01,-0.02,,,,,,,,,,,
96.34,-0.008,0.022,0.02,-0.03,,,,,,,,,,,
96.39,-0.025,0.022,0.03,-0.03,,,,,,,,,,,
96.44,-0.025,0.022,0.03,-0.04,,,,,,,,,,,
96.49,-0.025,0.022,0.04,-0.04,,,,,,,,,,,
96.54,-0.025,0.022,0.04,-0.04,,,,,,,,,,,
96.59,-0.025,0.022,0.04,-0.04,,,,,,,,,,,
96.64,-0.025,0.022,0.03,-0.04,,,,,,,,,,,
96.69,-0.025,0.004,0.02,-0.03,,,,,,,,,,,
96.74,-0.025,0.004,0.01,-0.02,,,,,,,,,,,
96.79,-0.008,-0.013,0,-0.01,,,,,,,,,,,
96.84,-0.008,-0.013,-0.01,0,,,,,,,,,,,
96.89,0.009,-0.013,-0.02,0.01,,,,,,,,,,,
96.94,0.009,-0.031,-0.03,0.02,,,,,,,,,,,
96.99,0.027,-0.031,-0.03,0.03,,,,,,,,,,,
97.04,0.027,-0.031,-0.04,0.03,,,,,,,,,,,
97.09,0.027,-0.031,-0.04,0.04,,,,,,,,,,,
97.14,0.027,-0.013,-0.04,0.04,,,,,,,,,,,
97.19,0.027,-0.013,-0.04,0.04,,,,,,,,,,,
97.24,0.027,-0.013,-0.04,0.03,,,,,,,,,,,
97.29,0.027,0.004,-0.03,0.02,,,,,,,,,,,
97.34,0.009,0.004,-0.02,0.01,,,,,,,,,,,
97.39,0.009,0.004,-0.01,0,,,,,,,,,,,
97.44,-0.008,0.022,0,-0.01,,,,,,,,,,,
97.49,-0.008,0.022,0.01,-0.02,,,,,,,,,,,
97.54,-0.025,0.022,0.02,-0.03,,,,,,,,,,,
97.59,-0.025,0.022,0.03,-0.03,,,,,,,,,,,
97.64,-0.025,0.022,0.03,-0.04,,,,,,,,,,,
97.69,-0.025,0.022,0.04,-0.04,,,,,,,,,,,
97.74,-0.025,0.022,0.04,-0.04,,,,,,,,,,,
97.79,-0.025,0.022,0.04,-0.04,,,,,,,,,,,
97.84,-0.025,0.004,0.03,-0.04,,,,,,,,,,,
97.89,-0.025,0.004,0.02,-0.03,,,,,,,,,,,
97.94,-0.008,0.004,0.01,-0.02,,,,,,,,,,,
97.99,-0.008,-0.013,0,-0.01,,,,,,,,,,,
98.04,0.009,-0.013,-0.01,0,,,,,,,,,,,
98.09,0.009,-0.013,-0.02,0.01,,,,,,,,,,,
98.14,0.027,-0.031,-0.03,0.02,,,,,,,,,,,
98.19,0.027,-0.031,-0.03,0.03,,,,,,,,,,,
98.24,0.027,-0.031,-0.04,0.03,,,,,,,,,,,
98.29,0.027,-0.031,-0.04,0.04,,,,,,,,,,,
98.34,0.027,-0.013,-0.04,0.04,,,,,,,,,,,
98.39,0.027,-0.013,-0.04,0.03,,,,,,,,,,,
98.44,0.027,-0.013,-0.04,0.03,,,,,,,,,,,
98.49,0.009,0.004,-0.03,0.02,,,,,,,,,,,
98.54,0.009,0.004,-0.02,0.01,,,,,,,,,,,
98.59,-0.008,0.022,-0.01,0,,,,,,,,,,,
98.64,-0.008,0.022,0,-0.01,,,,,,,,,,,
98.69,-0.008,0.022,0.01,-0.02,,,,,,,,,,,
98.74,-0.025,0.022,0.02,-0.03,,,,,,,,,,,
98.79,-0.025,0.022,0.03,-0.03,,,,,,,,,,,
98.84,-0.025,0.022,0.04,-0.04,,,,,,,,,,,
98.89,-0.025,0.022,0.04,-0.04,,,,,,,,,,,
98.94,-0.025,0.022,0.04,-0.04,,,,,,,,,,,
98.99,-0.025,0.004,0.04,-0.04,,,,,,,,,,,
99.04,-0.025,0.004,0.03,-0.03,,,,,,,,,,,
99.09,-0.008,0.004,0.02,-0.03,,,,,,,,,,,
99.14,-0.008,-0.013,0.01,-0.02,,,,,,,,,,,
99.19,0.009,-0.013,0,-0.01,,,,,,,,,,,
99.24,0.009,-0.013,-0.01,0,,,,,,,,,,,
99.29,0.027,-0.031,-0.02,0.01,,,,,,,,,,,
99.34,0.027,-0.031,-0.03,0.02,,,,,,,,,,,
99.39,0.027,-0.031,-0.03,0.03,,,,,,,,,,,
99.44,0.027,-0.031,-0.04,0.03,,,,,,,,,,,
99.49,0.027,-0.013,-0.04,0.04,,,,,,,,,,,
99.54,0.027,-0.013,-0.04,0.04,,,,,,,,,,,
99.59,0.027,-0.013,-0.04,0.03,,,,,,,,,,,
99.64,0.009,0.004,-0.04,0.03,,,,,,,,,,,
99.69,0.009,0.004,-0.03,0.02,,,,,,,,,,,
99.74,-0.008,0.022,-0.02,0.01,,,,,,,,,,,
99.79,-0.008,0.022,-0.01,0,,,,,,,,,,,
99.84,-0.008,0.022,0,-0.01,,,,,,,,,,,
99.89,-0.025,0.022,0.01,-0.02,,,,,,,,,,,
99.94,-0.025,0.022,0.02,-0.03,,,,,,,,,,,
99.99,-0.025,0.022,0.03,-0.03,,,,,,,,,,,
100.04,-0.025,0.022,0.04,-0.04,,,,,,,,,,,
100.09,-0.025,0.022,0.04,-0.04,,,,,,,,,,,
100.14,-0.025,0.004,0.04,-0.04,,,,,,,,,,,
100.19,-0.025,0.004,0.04,-0.04,,,,,,,,,,,
100.24,-0.008,0.004,0.03,-0.03,,,,,,,,,,,
100.29,-0.008,-0.013,0.02,-0.03,,,,,,,,,,,
100.34,0.009,-0.013,0.01,-0.02,,,,,,,,,,,
100.39,0.009,-0.013,0,-0.01,,,,,,,,,,,
100.44,0.009,-0.031,-0.01,0,,,,,,,,,,,
100.49,0.027,-0.031,-0.02,0.01,,,,,,,,,,,
100.54,0.027,-0.031,-0.03,0.02,,,,,,,,,,,
100.59,0.027,-0.031,-0.03,0.03,,,,,,,,,,,
100.64,0.027,-0.013,-0.04,0.03,,,,,,,,,,,
100.69,0.027,-0.013,-0.04,0.04,,,,,,,,,,,
100.74,0.027,-0.013,-0.04,0.04,,,,,,,,,,,
100.79,0.009,0.004,-0.04,0.03,,,,,,,,,,,
100.84,0.009,0.004,-0.03,0.03,,,,,,,,,,,
100.89,0.009,0.022,-0.03,0.02,,,,,,,,,,,
100.94,-0.008,0.022,-0.02,0.01,,,,,,,,,,,
100.99,-0.008,0.022,-0.01,0,,,,,,,,,,,
101.04,-0.025,0.022,0,-0.01,,,,,,,,,,,
101.09,-0.025,0.022,0.01,-0.02,,,,,,,,,,,
101.14,-0.025,0.022,0.02,-0.03,,,,,,,,,,,
101.19,-0.025,0.022,0.03,-0.03,,,,,,,,,,,
101.24,-0.025,0.022,0.04,-0.04,,,,,,,,,,,
101.29,-0.025,0.004,0.04,-0.04,,,,,,,,,,,
101.34,-0.025,0.004,0.04,-0.04,,,,,,,,,,,
101.39,-0.008,0.004,0.03,-0.04,,,,,,,,,,,
101.44,-0.008,-0.013,0.03,-0.03,,,,,,,,,,,
101.49,0.009,-0.013,0.02,-0.03,,,,,,,,,,,
101.54,0.009,-0.013,0.01,-0.02,,,,,,,,,,,
101.59,0.009,-0.031,0,-0.01,,,,,,,,,,,
101.64,0.027,-0.031,-0.01,0,,,,,,,,,,,
101.69,0.027,-0.031,-0.02,0.01,,,,,,,,,,,
101.74,0.027,-0.031,-0.03,0.02,,,,,,,,,,,
101.79,0.027,-0.013,-0.04,0.03,,,,,,,,,,,
101.84,0.027,-0.013,-0.04,0.03,,,,,,,,,,,
101.89,0.027,-0.013,-0.04,0.04,,,,,,,,,,,
101.94,0.009,0.004,-0.04,0.04,,,,,,,,,,,
101.99,0.009,0.004,-0.04,0.03,,,,,,,,,,,
102.04,0.009,0.004,-0.03,0.03,,,,,,,,,,,
102.09,-0.008,0.022,-0.03,0.02,,,,,,,,,,,
102.14,-0.008,0.022,-0.02,0.01,,,,,,,,,,,
102.19,-0.025,0.022,-0.01,0,,,,,,,,,,,
102.24,-0.025,0.022,0,-0.01,,,,,,,,,,,
102.29,-0.025,0.022,0.01,-0.02,,,,,,,,,,,
102.34,-0.025,0.022,0.02,-0.03,,,,,,,,,,,
102.39,-0.025,0.022,0.03,-0.03,,,,,,,,,,,
102.44,-0.025,0.004,0.04,-0.04,,,,,,,,,,,
102.49,-0.025,0.004,0.04,-0.04,,,,,,,,,,,
102.54,-0.008,0.004,0.04,-0.04,,,,,,,,,,,
102.59,-0.008,-0.013,0.03,-0.04,,,,,,,,,,,
102.64,0.009,-0.013,0.03,-0.03,,,,,,,,,,,
102.69,0.009,-0.013,0.02,-0.03,,,,,,,,,,,
102.74,0.009,-0.031,0.01,-0.02,,,,,,,,,,,
102.79,0.027,-0.031,0,-0.01,,,,,,,,,,,
102.84,0.027,-0.031,-0.01,0,,,,,,,,,,,
102.89,0.027,-0.031,-0.02,0.01,,,,,,,,,,,
102.94,0.027,-0.013,-0.03,0.02,,,,,,,,,,,
102.99,0.027,-0.013,-0.04,0.03,,,,,,,,,,,
103.04,0.027,-0.013,-0.04,0.04,,,,,,,,,,,
103.09,0.009,0.004,-0.04,0.04,,,,,,,,,,,
103.14,0.009,0.004,-0.04,0.04,,,,,,,,,,,
103.19,0.009,0.004,-0.04,0.03,,,,,,,,,,,
103.24,-0.008,0.022,-0.03,0.03,,,,,,,,,,,
103.29,-0.008,0.022,-0.03,0.02,,,,,,,,,,,
103.34,-0.025,0.022,-0.02,0.01,,,,,,,,,,,
103.39,-0.025,0.022,-0.01,0,,,,,,,,,,,
103.44,-0.025,0.022,0,-0.01,,,,,,,,,,,
103.49,-0.025,0.022,0.01,-0.02,,,,,,,,,,,
103.54,-0.025,0.022,0.02,-0.03,,,,,,,,,,,
103.59,-0.025,0.022,0.03,-0.04,,,,,,,,,,,
103.64,-0.025,0.004,0.04,-0.04,,,,,,,,,,,
103.69,-0.008,0.004,0.04,-0.04,,,,,,,,,,,
103.74,-0.008,-0.013,0.04,-0.04,,,,,,,,,,,
103.79,0.009,-0.013,0.03,-0.04,,,,,,,,,,,
103.84,0.009,-0.013,0.03,-0.03,,,,,,,,,,,
103.89,0.009,-0.031,0.02,-0.03,,,,,,,,,,,
103.94,0.027,-0.031,0.01,-0.02,,,,,,,,,,,
103.99,0.027,-0.031,0,-0.01,,,,,,,,,,,
104.04,0.027,-0.031,-0.01,0,,,,,,,,,,,
104.09,0.027,-0.013,-0.02,0.01,,,,,,,,,,,
104.14,0.027,-0.013,-0.03,0.02,,,,,,,,,,,
104.19,0.027,-0.013,-0.04,0.03,,,,,,,,,,,
104.24,0.009,0.004,-0.04,0.04,,,,,,,,,,,
104.29,0.009,0.004,-0.04,0.04,,,,,,,,,,,
104.34,0.009,0.004,-0.04,0.04,,,,,,,,,,,
104.39,-0.008,0.022,-0.04,0.03,,,,,,,,,,,
104.44,-0.008,0.022,-0.03,0.03,,,,,,,,,,,
104.49,-0.025,0.022,-0.03,0.02,,,,,,,,,,,
104.54,-0.025,0.022,-0.02,0.01,,,,,,,,,,,
104.59,-0.025,0.022,-0.01,0,,,,,,,,,,,
104.64,-0.025,0.022,0,-0.01,,,,,,,,,,,
104.69,-0.025,0.022,0.01,-0.02,,,,,,,,,,,
104.74,-0.025,0.022,0.02,-0.03,,,,,,,,,,,
104.79,-0.025,0.004,0.03,-0.04,,,,,,,,,,,
104.84,-0.008,0.004,0.04,-0.04,,,,,,,,,,,
104.89,-0.008,-0.013,0.04,-0.04,,,,,,,,,,,
104.94,-0.008,-0.013,0.04,-0.04,,,,,,,,,,,
104.99,0.009,-0.013,0.03,-0.04,,,,,,,,,,,
105.04,0.009,-0.013,0.03,-0.03,,,,,,,,,,,
105.09,0.027,-0.031,0.02,-0.03,,,,,,,,,,,
105.14,0.027,-0.031,0.01,-0.02,,,,,,,,,,,
105.19,0.027,-0.031,0,-0.01,,,,,,,,,,,
105.24,0.027,-0.013,-0.01,0,,,,,,,,,,,
105.29,0.027,-0.013,-0.02,0.01,,,,,,,,,,,
105.34,0.027,-0.013,-0.03,0.02,,,,,,,,,,,
105.39,0.009,0.004,-0.04,0.03,,,,,,,,,,,
105.44,0.009,0.004,-0.04,0.04,,,,,,,,,,,
105.49,0.009,0.004,-0.04,0.04,,,,,,,,,,,
105.54,-0.008,0.022,-0.04,0.04,,,,,,,,,,,
105.59,-0.008,0.022,-0.04,0.03,,,,,,,,,,,
105.64,-0.008,0.022,-0.03,0.03,,,,,,,,,,,
105.69,-0.025,0.022,-0.03,0.02,,,,,,,,,,,
105.74,-0.025,0.022,-0.02,0.01,,,,,,,,,,,
105.79,-0.025,0.022,-0.01,0,,,,,,,,,,,
105.84,-0.025,0.022,0,-0.01,,,,,,,,,,,
105.89,-0.025,0.022,0.01,-0.02,,,,,,,,,,,
105.94,-0.025,0.004,0.02,-0.03,,,,,,,,,,,
105.99,-0.008,0.004,0.03,-0.04,,,,,,,,,,,
106.04,-0.008,-0.013,0.04,-0.04,,,,,,,,,,,
106.09,-0.008,-0.013,0.04,-0.04,,,,,,,,,,,
106.14,0.009,-0.013,0.04,-0.04,,,,,,,,,,,
106.19,0.009,-0.013,0.03,-0.04,,,,,,,,,,,
106.24,0.027,-0.031,0.03,-0.03,,,,,,,,,,,
106.29,0.027,-0.031,0.02,-0.03,,,,,,,,,,,
106.34,0.027,-0.031,0.01,-0.02,,,,,,,,,,,
106.39,0.027,-0.013,0,-0.01,,,,,,,,,,,
106.44,0.027,-0.013,-0.01,0,,,,,,,,,,,
106.49,0.027,-0.013,-0.02,0.01,,,,,,,,,,,
106.54,0.009,-0.013,-0.03,0.02,,,,,,,,,,,
106.59,0.009,0.004,-0.04,0.03,,,,,,,,,,,
106.64,0.009,0.004,-0.04,0.04,,,,,,,,,,,
106.69,-0.008,0.022,-0.04,0.04,,,,,,,,,,,
106.74,-0.008,0.022,-0.04,0.04,,,,,,,,,,,
106.79,-0.008,0.022,-0.04,0.03,,,,,,,,,,,
106.84,-0.025,0.022,-0.03,0.03,,,,,,,,,,,
106.89,-0.025,0.022,-0.03,0.02,,,,,,,,,,,
106.94,-0.025,0.022,-0.02,0.01,,,,,,,,,,,
106.99,-0.025,0.022,-0.01,0,,,,,,,,,,,
107.04,-0.025,0.022,0,-0.01,,,,,,,,,,,
107.09,-0.025,0.004,0.01,-0.02,,,,,,,,,,,
107.14,-0.008,0.004,0.02,-0.03,,,,,,,,,,,
107.19,-0.008,0.004,0.03,-0.04,,,,,,,,,,,
107.24,-0.008,-0.013,0.04,-0.04,,,,,,,,,,,
107.29,0.009,-0.013,0.04,-0.04,,,,,,,,,,,
107.34,0.009,-0.013,0.04,-0.04,,,,,,,,,,,
107.39,0.009,-0.031,0.03,-0.04,,,,,,,,,,,
107.44,0.027,-0.031,0.03,-0.03,,,,,,,,,,,
107.49,0.027,-0.031,0.02,-0.03,,,,,,,,,,,
107.54,0.027,-0.013,0.01,-0.02,,,,,,,,,,,
107.59,0.027,-0.013,0,-0.01,,,,,,,,,,,
107.64,0.027,-0.013,-0.01,0,,,,,,,,,,,
107.69,0.009,-0.013,-0.02,0.01,,,,,,,,,,,
107.74,0.009,0.004,-0.03,0.02,,,,,,,,,,,
107.79,0.009,0.004,-0.04,0.03,,,,,,,,,,,
107.84,-0.008,0.022,-0.04,0.04,,,,,,,,,,,
107.89,-0.008,0.022,-0.04,0.04,,,,,,,,,,,
107.94,-0.008,0.022,-0.04,0.04,,,,,,,,,,,
107.99,-0.025,0.022,-0.04,0.03,,,,,,,,,,,
108.05,-0.025,0.022,-0.03,0.03,,,,,,,,,,,
108.1,-0.025,0.022,-0.03,0.02,,,,,,,,,,,
108.15,-0.025,0.022,-0.02,0.01,,,,,,,,,,,
108.2,-0.025,0.022,-0.01,0,,,,,,,,,,,
108.25,-0.025,0.004,0,-0.01,,,,,,,,,,,
108.3,-0.008,0.004,0.01,-0.02,,,,,,,,,,,
108.35,-0.008,0.004,0.02,-0.03,,,,,,,,,,,
108.4,-0.008,-0.013,0.03,-0.04,,,,,,,,,,,
108.45,0.009,-0.013,0.04,-0.04,,,,,,,,,,,
108.5,0.009,-0.013,0.04,-0.04,,,,,,,,,,,
108.55,0.009,-0.031,0.04,-0.04,,,,,,,,,,,
108.6,0.027,-0.031,0.03,-0.04,,,,,,,,,,,
108.65,0.027,-0.031,0.03,-0.03,,,,,,,,,,,
108.7,0.027,-0.013,0.02,-0.03,,,,,,,,,,,
108.75,0.027,-0.013,0.01,-0.02,,,,,,,,,,,
108.8,0.027,-0.013,0,-0.01,,,,,,,,,,,
108.85,0.009,-0.013,-0.01,0.01,,,,,,,,,,,
108.9,0.009,0.004,-0.02,0.02,,,,,,,,,,,
108.95,0.009,0.004,-0.03,0.02,,,,,,,,,,,
109,-0.008,0.022,-0.04,0.03,,,,,,,,,,,
109.05,-0.008,0.022,-0.04,0.04,,,,,,,,,,,
109.1,-0.008,0.022,-0.04,0.04,,,,,,,,,,,
109.15,-0.025,0.022,-0.04,0.04,,,,,,,,,,,
109.2,-0.025,0.022,-0.04,0.03,,,,,,,,,,,
109.25,-0.025,0.022,-0.03,0.03,,,,,,,,,,,
109.3,-0.025,0.022,-0.03,0.02,,,,,,,,,,,
109.35,-0.025,0.022,-0.02,0.01,,,,,,,,,,,
109.4,-0.025,0.004,-0.01,0,,,,,,,,,,,
109.45,-0.008,0.004,0,-0.01,,,,,,,,,,,
109.5,-0.008,0.004,0.01,-0.02,,,,,,,,,,,
109.55,-0.008,-0.013,0.02,-0.03,,,,,,,,,,,
109.6,0.009,-0.013,0.03,-0.04,,,,,,,,,,,
109.65,0.009,-0.013,0.04,-0.04,,,,,,,,,,,
109.7,0.009,-0.031,0.04,-0.04,,,,,,,,,,,
109.75,0.027,-0.031,0.04,-0.04,,,,,,,,,,,
109.8,0.027,-0.031,0.03,-0.04,,,,,,,,,,,
109.85,0.027,-0.013,0.03,-0.03,,,,,,,,,,,
109.9,0.027,-0.013,0.02,-0.03,,,,,,,,,,,
109.95,0.027,-0.013,0.01,-0.02,,,,,,,,,,,
110,0.009,-0.013,0,-0.01,,,,,,,,,,,
110.05,0.009,0.004,-0.01,0.01,,,,,,,,,,,
110.1,0.009,0.004,-0.02,0.02,,,,,,,,,,,
110.15,-0.008,0.004,-0.03,0.02,,,,,,,,,,,
110.2,-0.008,0.022,-0.04,0.03,,,,,,,,,,,
110.25,-0.008,0.022,-0.04,0.04,,,,,,,,,,,
110.3,-0.025,0.022,-0.04,0.04,,,,,,,,,,,
110.35,-0.025,0.022,-0.04,0.04,,,,,,,,,,,
110.4,-0.025,0.022,-0.04,0.03,,,,,,,,,,,
110.45,-0.025,0.022,-0.03,0.03,,,,,,,,,,,
110.5,-0.025,0.022,-0.03,0.02,,,,,,,,,,,
110.55,-0.025,0.004,-0.02,0.01,,,,,,,,,,,
110.6,-0.008,0.004,-0.01,0,,,,,,,,,,,
110.65,-0.008,0.004,0.01,-0.01,,,,,,,,,,,
110.7,-0.008,-0.013,0.02,-0.02,,,,,,,,,,,
110.75,0.009,-0.013,0.02,-0.03,,,,,,,,,,,
110.8,0.009,-0.013,0.03,-0.04,,,,,,,,,,,
110.85,0.009,-0.013,0.04,-0.04,,,,,,,,,,,
110.9,0.027,-0.031,0.04,-0.04,,,,,,,,,,,
110.95,0.027,-0.031,0.04,-0.04,,,,,,,,,,,
111,0.027,-0.013,0.03,-0.04,,,,,,,,,,,
111.05,0.027,-0.013,0.03,-0.03,,,,,,,,,,,
111.1,0.027,-0.013,0.02,-0.02,,,,,,,,,,,
111.15,0.009,-0.013,0.01,-0.02,,,,,,,,,,,
111.2,0.009,0.004,0,0,,,,,,,,,,,
111.25,0.009,0.004,-0.01,0.01,,,,,,,,,,,
111.3,-0.008,0.004,-0.02,0.02,,,,,,,,,,,
111.35,-0.008,0.022,-0.03,0.02,,,,,,,,,,,
111.4,-0.008,0.022,-0.04,0.03,,,,,,,,,,,
111.45,-0.025,0.022,-0.04,0.04,,,,,,,,,,,
111.5,-0.025,0.022,-0.04,0.04,,,,,,,,,,,
111.55,-0.025,0.022,-0.04,0.04,,,,,,,,,,,
111.6,-0.025,0.022,-0.04,0.03,,,,,,,,,,,
111.65,-0.025,0.022,-0.03,0.03,,,,,,,,,,,
111.7,-0.025,0.004,-0.03,0.02,,,,,,,,,,,
111.75,-0.008,0.004,-0.02,0.01,,,,,,,,,,,
111.8,-0.008,0.004,-0.01,0,,,,,,,,,,,
111.85,-0.008,-0.013,0.01,-0.01,,,,,,,,,,,
111.9,0.009,-0.013,0.02,-0.02,,,,,,,,,,,
111.95,0.009,-0.013,0.02,-0.03,,,,,,,,,,,
112,0.009,-0.013,0.03,-0.04,,,,,,,,,,,
112.05,0.027,-0.031,0.04,-0.04,,,,,,,,,,,
112.1,0.027,-0.031,0.04,-0.04,,,,,,,,,,,
112.15,0.027,-0.013,0.04,-0.04,,,,,,,,,,,
112.2,0.027,-0.013,0.03,-0.04,,,,,,,,,,,
112.25,0.027,-0.013,0.03,-0.03,,,,,,,,,,,
112.3,0.009,-0.013,0.02,-0.02,,,,,,,,,,,
112.35,0.009,0.004,0.01,-0.02,,,,,,,,,,,
112.4,0.009,0.004,0,0,,,,,,,,,,,
112.45,-0.008,0.004,-0.01,0.01,,,,,,,,,,,
112.5,-0.008,0.022,-0.02,0.02,,,,,,,,,,,
112.55,-0.008,0.022,-0.03,0.02,,,,,,,,,,,
112.6,-0.025,0.022,-0.04,0.03,,,,,,,,,,,
112.65,-0.025,0.022,-0.04,0.04,,,,,,,,,,,
112.7,-0.025,0.022,-0.04,0.04,,,,,,,,,,,
112.75,-0.025,0.022,-0.04,0.04,,,,,,,,,,,
112.8,-0.025,0.022,-0.04,0.03,,,,,,,,,,,
112.85,-0.025,0.004,-0.03,0.03,,,,,,,,,,,
112.9,-0.008,0.004,-0.02,0.02,,,,,,,,,,,
112.95,-0.008,0.004,-0.02,0.01,,,,,,,,,,,
113,-0.008,-0.013,0,0,,,,,,,,,,,
113.05,0.009,-0.013,0.01,-0.01,,,,,,,,,,,
113.1,0.009,-0.013,0.02,-0.02,,,,,,,,,,,
113.15,0.009,-0.013,0.02,-0.03,,,,,,,,,,,
113.2,0.027,-0.031,0.03,-0.04,,,,,,,,,,,
113.25,0.027,-0.031,0.04,-0.04,,,,,,,,,,,
113.3,0.027,-0.013,0.04,-0.04,,,,,,,,,,,
113.35,0.027,-0.013,0.04,-0.04,,,,,,,,,,,
113.4,0.027,-0.013,0.03,-0.04,,,,,,,,,,,
113.45,0.009,-0.013,0.03,-0.03,,,,,,,,,,,
113.5,0.009,0.004,0.02,-0.02,,,,,,,,,,,
113.55,0.009,0.004,0.01,-0.02,,,,,,,,,,,
113.6,0.009,0.004,0,0,,,,,,,,,,,
113.65,-0.008,0.022,-0.01,0.01,,,,,,,,,,,
113.7,-0.008,0.022,-0.02,0.02,,,,,,,,,,,
113.75,-0.008,0.022,-0.03,0.02,,,,,,,,,,,
113.8,-0.025,0.022,-0.04,0.03,,,,,,,,,,,
113.85,-0.025,0.022,-0.04,0.04,,,,,,,,,,,
113.9,-0.025,0.022,-0.04,0.04,,,,,,,,,,,
113.95,-0.025,0.022,-0.04,0.04,,,,,,,,,,,
114,-0.025,0.022,-0.04,0.03,,,,,,,,,,,
114.05,-0.008,0.004,-0.03,0.03,,,,,,,,,,,
114.1,-0.008,0.004,-0.02,0.02,,,,,,,,,,,
114.15,-0.008,-0.013,-0.01,0.01,,,,,,,,,,,
114.2,0.009,-0.013,0,0,,,,,,,,,,,
114.25,0.009,-0.013,0.01,-0.01,,,,,,,,,,,
114.3,0.009,-0.013,0.02,-0.02,,,,,,,,,,,
114.35,0.009,-0.031,0.03,-0.03,,,,,,,,,,,
114.4,0.027,-0.031,0.03,-0.04,,,,,,,,,,,
114.45,0.027,-0.013,0.04,-0.04,,,,,,,,,,,
114.5,0.027,-0.013,0.04,-0.04,,,,,,,,,,,
114.55,0.027,-0.013,0.04,-0.04,,,,,,,,,,,
114.6,0.009,-0.013,0.03,-0.04,,,,,,,,,,,
114.65,0.009,0.004,0.03,-0.03,,,,,,,,,,,
114.7,0.009,0.004,0.02,-0.02,,,,,,,,,,,
114.75,0.009,0.004,0.01,-0.01,,,,,,,,,,,
114.8,-0.008,0.022,0,0,,,,,,,,,,,
114.85,-0.008,0.022,-0.01,0.01,,,,,,,,,,,
114.9,-0.008,0.022,-0.02,0.02,,,,,,,,,,,
114.95,-0.025,0.022,-0.03,0.02,,,,,,,,,,,
115,-0.025,0.022,-0.04,0.03,,,,,,,,,,,
115.05,-0.025,0.022,-0.04,0.04,,,,,,,,,,,
115.1,-0.025,0.022,-0.04,0.04,,,,,,,,,,,
115.15,-0.025,0.022,-0.04,0.04,,,,,,,,,,,
115.2,-0.008,0.004,-0.04,0.03,,,,,,,,,,,
115.25,-0.008,0.004,-0.03,0.03,,,,,,,,,,,
115.3,-0.008,0.004,-0.02,0.02,,,,,,,,,,,
115.35,0.009,-0.013,-0.01,0.01,,,,,,,,,,,
115.4,0.009,-0.013,0,0,,,,,,,,,,,
115.45,0.009,-0.013,0.01,-0.01,,,,,,,,,,,
115.5,0.009,-0.013,0.02,-0.02,,,,,,,,,,,
115.55,0.027,-0.031,0.03,-0.03,,,,,,,,,,,
115.6,0.027,-0.013,0.03,-0.04,,,,,,,,,,,
115.65,0.027,-0.013,0.04,-0.04,,,,,,,,,,,
115.7,0.027,-0.013,0.04,-0.04,,,,,,,,,,,
115.75,0.009,-0.013,0.04,-0.04,,,,,,,,,,,
115.8,0.009,0.004,0.03,-0.04,,,,,,,,,,,
115.85,0.009,0.004,0.03,-0.03,,,,,,,,,,,
115.9,0.009,0.004,0.02,-0.02,,,,,,,,,,,
115.95,-0.008,0.022,0.01,-0.01,,,,,,,,,,,
116,-0.008,0.022,0,0,,,,,,,,,,,
116.05,-0.008,0.022,-0.01,0.01,,,,,,,,,,,
116.1,-0.025,0.022,-0.02,0.02,,,,,,,,,,,
116.15,-0.025,0.022,-0.03,0.03,,,,,,,,,,,
116.2,-0.025,0.022,-0.04,0.03,,,,,,,,,,,
116.25,-0.025,0.022,-0.04,0.04,,,,,,,,,,,
116.3,-0.025,0.022,-0.04,0.04,,,,,,,,,,,
116.35,-0.008,0.004,-0.04,0.04,,,,,,,,,,,
116.4,-0.008,0.004,-0.04,0.03,,,,,,,,,,,
116.45,-0.008,0.004,-0.03,0.03,,,,,,,,,,,
116.5,0.009,-0.013,-0.02,0.02,,,,,,,,,,,
116.55,0.009,-0.013,-0.01,0.01,,,,,,,,,,,
116.6,0.009,-0.013,0,0,,,,,,,,,,,
116.65,0.009,-0.013,0.01,-0.01,,,,,,,,,,,
116.7,0.027,-0.031,0.02,-0.02,,,,,,,,,,,
116.75,0.027,-0.013,0.03,-0.03,,,,,,,,,,,
116.8,0.027,-0.013,0.03,-0.04,,,,,,,,,,,
116.85,0.027,-0.013,0.04,-0.04,,,,,,,,,,,
116.9,0.009,-0.013,0.04,-0.04,,,,,,,,,,,
116.95,0.009,-0.013,0.04,-0.04,,,,,,,,,,,
117,0.009,0.004,0.03,-0.04,,,,,,,,,,,
117.05,0.009,0.004,0.03,-0.03,,,,,,,,,,,
117.1,-0.008,0.004,0.02,-0.02,,,,,,,,,,,
117.15,-0.008,0.022,0.01,-0.01,,,,,,,,,,,
117.2,-0.008,0.022,0,0,,,,,,,,,,,
117.25,-0.025,0.022,-0.01,0.01,,,,,,,,,,,
117.3,-0.025,0.022,-0.02,0.02,,,,,,,,,,,
117.35,-0.025,0.022,-0.03,0.03,,,,,,,,,,,
117.4,-0.025,0.022,-0.04,0.03,,,,,,,,,,,
117.45,-0.025,0.022,-0.04,0.04,,,,,,,,,,,
117.5,-0.008,0.004,-0.04,0.04,,,,,,,,,,,
117.55,-0.008,0.004,-0.04,0.04,,,,,,,,,,,
117.6,-0.008,0.004,-0.04,0.03,,,,,,,,,,,
117.65,-0.008,-0.013,-0.03,0.03,,,,,,,,,,,
117.7,0.009,-0.013,-0.02,0.02,,,,,,,,,,,
117.75,0.009,-0.013,-0.01,0.01,,,,,,,,,,,
117.8,0.009,-0.013,0,0,,,,,,,,,,,
117.85,0.027,-0.013,0.01,-0.01,,,,,,,,,,,
117.9,0.027,-0.013,0.02,-0.02,,,,,,,,,,,
117.95,0.027,-0.013,0.03,-0.03,,,,,,,,,,,
118,0.027,-0.013,0.03,-0.04,,,,,,,,,,,
118.05,0.009,-0.013,0.04,-0.04,,,,,,,,,,,
118.1,0.009,-0.013,0.04,-0.04,,,,,,,,,,,
118.15,0.009,0.004,0.04,-0.04,,,,,,,,,,,
118.2,0.009,0.004,0.03,-0.04,,,,,,,,,,,
118.25,-0.008,0.004,0.03,-0.03,,,,,,,,,,,
118.3,-0.008,0.022,0.02,-0.02,,,,,,,,,,,
118.35,-0.008,0.022,0.01,-0.01,,,,,,,,,,,
118.4,-0.025,0.022,0,0,,,,,,,,,,,
118.45,-0.025,0.022,-0.01,0.01,,,,,,,,,,,
118.5,-0.025,0.022,-0.02,0.02,,,,,,,,,,,
118.55,-0.025,0.022,-0.03,0.03,,,,,,,,,,,
118.6,-0.025,0.022,-0.04,0.03,,,,,,,,,,,
118.65,-0.008,0.004,-0.04,0.04,,,,,,,,,,,
118.7,-0.008,0.004,-0.04,0.04,,,,,,,,,,,
118.75,-0.008,0.004,-0.04,0.04,,,,,,,,,,,
118.8,-0.008,-0.013,-0.04,0.03,,,,,,,,,,,
118.85,0.009,-0.013,-0.03,0.03,,,,,,,,,,,
118.9,0.009,-0.013,-0.02,0.02,,,,,,,,,,,
118.95,0.009,-0.013,-0.01,0.01,,,,,,,,,,,
119,0.027,-0.013,0,0,,,,,,,,,,,
119.05,0.027,-0.013,0.01,-0.01,,,,,,,,,,,
119.1,0.027,-0.013,0.02,-0.02,,,,,,,,,,,
119.15,0.027,-0.013,0.03,-0.03,,,,,,,,,,,
119.2,0.009,-0.013,0.03,-0.04,,,,,,,,,,,
119.25,0.009,-0.013,0.04,-0.04,,,,,,,,,,,
119.3,0.009,0.004,0.04,-0.04,,,,,,,,,,,
119.35,0.009,0.004,0.04,-0.04,,,,,,,,,,,
119.4,-0.008,0.004,0.03,-0.04,,,,,,,,,,,
119.45,-0.008,0.022,0.03,-0.03,,,,,,,,,,,
119.5,-0.008,0.022,0.02,-0.02,,,,,,,,,,,
119.55,-0.025,0.022,0.01,-0.01,,,,,,,,,,,
119.6,-0.025,0.022,0,0,,,,,,,,,,,
119.65,-0.025,0.022,-0.01,0.01,,,,,,,,,,,
119.7,-0.025,0.022,-0.02,0.02,,,,,,,,,,,
119.75,-0.025,0.022,-0.03,0.03,,,,,,,,,,,
119.8,-0.008,0.004,-0.04,0.03,,,,,,,,,,,
119.85,-0.008,0.004,-0.04,0.04,,,,,,,,,,,
119.9,-0.008,0.004,-0.04,0.04,,,,,,,,,,,
119.95,-0.008,-0.013,-0.04,0.04,,,,,,,,,,,
120,0.009,-0.013,-0.04,0.03,,,,,,,,,,,